/*
 Navicat Premium Data Transfer

 Source Server         : localhost
 Source Server Type    : MySQL
 Source Server Version : 100417
 Source Host           : localhost:3306
 Source Schema         : udemy

 Target Server Type    : MySQL
 Target Server Version : 100417
 File Encoding         : 65001

 Date: 31/01/2021 13:18:18
*/

SET NAMES utf8mb4;
SET FOREIGN_KEY_CHECKS = 0;

-- ----------------------------
-- Table structure for categories
-- ----------------------------
DROP TABLE IF EXISTS `categories`;
CREATE TABLE `categories`  (
  `CatID` int(11) UNSIGNED NOT NULL AUTO_INCREMENT,
  `CatName` varchar(255) CHARACTER SET utf8 COLLATE utf8_general_ci NULL DEFAULT NULL,
  PRIMARY KEY (`CatID`) USING BTREE,
  FULLTEXT INDEX `CatName`(`CatName`)
) ENGINE = InnoDB AUTO_INCREMENT = 7 CHARACTER SET = utf8 COLLATE = utf8_general_ci;

-- ----------------------------
-- Records of categories
-- ----------------------------
BEGIN;
INSERT INTO `categories` VALUES (1, 'Javascript'), (2, 'CSS'), (3, 'React'), (4, 'PHP'), (5, 'Python'), (6, 'NodeJS');
COMMIT;

-- ----------------------------
-- Table structure for courses
-- ----------------------------
DROP TABLE IF EXISTS `courses`;
CREATE TABLE `courses`  (
  `CourseID` int(11) UNSIGNED NOT NULL AUTO_INCREMENT,
  `CourseName` varchar(255) CHARACTER SET utf8 COLLATE utf8_general_ci NULL DEFAULT NULL,
  `TinyDes` varchar(255) CHARACTER SET utf8 COLLATE utf8_general_ci NULL DEFAULT NULL,
  `TeacherID` varchar(11) CHARACTER SET utf8 COLLATE utf8_general_ci NULL DEFAULT NULL,
  `Wishlist` bit(1) NULL DEFAULT NULL,
  `WhatLearn` varchar(999) CHARACTER SET utf8 COLLATE utf8_general_ci NULL DEFAULT NULL,
  `TitleContent` varchar(999) CHARACTER SET utf8 COLLATE utf8_general_ci NULL DEFAULT NULL,
  `DesContent` varchar(999) CHARACTER SET utf8 COLLATE utf8_general_ci NULL DEFAULT NULL,
  `FullDes` varchar(999) CHARACTER SET utf8 COLLATE utf8_general_ci NULL DEFAULT NULL,
  `Comment` varchar(999) CHARACTER SET utf8 COLLATE utf8_general_ci NULL DEFAULT NULL,
  `Rating` int(1) NULL DEFAULT NULL,
  `Price` int(11) NULL DEFAULT NULL,
  `Include` varchar(999) CHARACTER SET utf8 COLLATE utf8_general_ci NULL DEFAULT NULL,
  `CatID` int(11) NULL DEFAULT NULL,
  PRIMARY KEY (`CourseID`) USING BTREE,
  FULLTEXT INDEX `CourseName`(`CourseName`)
) ENGINE = InnoDB AUTO_INCREMENT = 90 CHARACTER SET = utf8 COLLATE = utf8_general_ci;

-- ----------------------------
-- Records of courses
-- ----------------------------
BEGIN;
INSERT INTO `courses` VALUES (1, 'The Complete JavaScript Course 2021', 'The modern JavaScript course for everyone! Master JavaScript with projects, challenges and theory. Many courses in one!', '22', b'1', '<UL>\r\n<LI>Become job-ready by understanding how JavaScript really works behind the scenes</LI>\r\n<LI>Get downloadable lectures and friendly support in the Q&A area</LI>\r\n<LI>Design your unique learning path according to your goals: course pathways</LI>\r\n</UL>', '<UL>\r\n<LI>Getting Started</LI>\r\n<LI>Calsses & Interfaces</LI>\r\n<LI>Modules & Namespaces</LI>\r\n<LI>Advanced Types</LI>\r\n<LI>Decorators</LI>\r\n</UL>', '<UL>\r\n<LI>What is Vue?</LI>\r\n<LI>EnVironment Setup</LI>\r\n<LI>Course Files</LI>\r\n</UL>', '<p>\r\nSvelte.js (or just \"Svelte\") is a <b>modern JavaScript compiler</b> that allows you to write easy-to-understand \r\nJavaScript code which is then compiled to highly efficient \r\ncode that runs in the browser.<br>\r\nYou\'ll write your frontend application using normal JavaScript, \r\nfollowing specific rules laid out by Svelte (which are of course taught in this course). \r\nAs a result, the Svelte compiler will produce a small and highly optimized JavaScript bundle \r\nwhich can be deployed.\r\n</p>', 'Max, this is spectacular. I bought another Udemy course on Docker, but didn\'t stay with it because of the weird mismash of the way the topics were brought up in the particular sequence it does I feel like I\'m understanding the different levels of what you can do with Docker to a degree of really owning how efficient I can be with everthing that docker provides.. and without having to really master all of the advanced topics.', 5, 120000, '<UL>\r\n<LI>12.5 hours on-demand video</LI>\r\n<LI>25 articles</LI>\r\n<LI>187 downloadable resources</LI>\r\n</UL>', 1), (2, 'JavaScript: Understanding the Weird Parts', 'An advanced JavaScript course for everyone! Scope, closures, prototypes, \'this\', build your own framework, and more.', '9', b'1', '<UL>\r\n<LI>Become an advanced, confident, and modern JavaScript developer from scratch<LI>\r\n<LI>Become an advanced, confident, and modern JavaScript developer from scratch<LI>\r\n<UL>\r\n<LI>Grasp how Javascript works and it\'s fundamental concepts</LI>\r\n<LI>Understand advanced concepts such as closures, prototypal inheritance, IIFEs, and much more.</LI>\r\n<LI>Avoid common pitfalls and mistakes other Javascript coders make</LI>\r\n</UL>', '<UL>\r\n<LI>The Basics of MicroFontends</LI>\r\n<LI>The Basics of Mudule Federation</LI>\r\n<LI>Advatage tips</LI>\r\n<LI>Performance Considerations</LI>\r\n<LI>Decorators</LI>\r\n</UL>', '<UL>\r\n<LI>Introduction</LI>\r\n<LI>Why Svelte</LI>\r\n<LI>Course Outline</LI>\r\n</UL>', '<p>Javascript is the language that modern developers need to know, and know well. \r\nTruly knowing Javascript will get you a job, and enable you to build quality web \r\nand server applications.<br>\r\nNOTE: This course includes information on ECMAScript 6 (ES6) the next version of Javascript!<br>\r\nIn this course you will gain a deep understanding of Javascript,<b>learn how Javascript works under the hood,</b>\r\nand how that knowledge helps you avoid common pitfalls and<b>drastically improve your ability to debug problems.</b>\r\nYou will find clarity in the parts that others, even experienced coders, may find weird, odd, and at times incomprehensible. \r\nYou\'ll learn the beauty and deceptive power of this language that is at the forefront of modern software development today.\r\n</p>', 'This course teaches not only about the how, but also about the why. Very good course, definitely recommended for anybody interested in understanding typescript.', 5, 110000, '<UL>\r\n<LI>33.5 hours on-demand video</LI>\r\n<LI>41 articles</LI>\r\n<LI>149 downloadable resources</LI>\r\n<LI>Full lifetime access</LI>\r\n<LI>Access on mobile and TV</LI>\r\n<LI>Certificate of completion</LI>\r\n</UL>', 1), (3, 'React.js- a Tic Tac Toe game', 'Helping you build your React.js portfolio\r\nHelping you build your React.js portfolio\r\nHelping you build your React.js portfolio', '5', b'1', '<UL>\r\n<LI>Grasp how Javascript works and it\'s fundamental concepts</LI>\r\n<LI>Understand advanced concepts such as closures, prototypal inheritance, IIFEs, and much more.</LI>\r\n<LI>Avoid common pitfalls and mistakes other Javascript coders make</LI>\r\n</UL>', '<UL>\r\n<LI>Introduction & Setup</LI>\r\n<LI>Vue Basics</LI>\r\n<LI>Async Code</LI>\r\n<LI>The Composition API</LI>\r\n</UL>', '<UL>\r\n<LI>Module Introduction</LI>\r\n<LI>Wrap Up</LI>\r\n<LI>Useful Resources</LI>\r\n</UL>', '<p>\r\n<b>EXPANDED and UPDATED in June 2019 to include new sections on Next JS and Server-Side Rendering!</b><br>\r\nWelcome to the best online resource for learning React!<b> Published in April 2019,</b> this course is <b>brand new</b> and\r\ncovers the latest in React.  This course follows the exact same React curriculum my <b>in-person bootcamp\r\nstudents follow in San Francisco</b>, where students have gone on to get jobs at places like <b>Google, Apple,\r\nPinterest, & Linkedin</b>.  This is the most polished React course online, and it\'s the only course that is based on\r\nREAL bootcamp curriculum that has been <b>tried and tested in the classroom.</b>\r\n</p>', 'Stephen Grider does indeed have a good way of teaching. While I enjoyed learning TypeScript. I wish there were more substantial projects besides creating a small CSV reader/(hard coded authentication system). And could have spent more time on Express using Typescript instead of dismissing it as \"Ooh! This is too hard!\" I mean, focus on the big projects that you are going to build using TypeScript.', 5, 170000, '<UL>\r\n<LI>40.5 hours on-demand video</LI>\r\n<LI>62 articles</LI>\r\n<LI>499 downloadable resources</LI>\r\n<LI>Full lifetime access</LI>\r\n<LI>Access on mobile and TV</LI>\r\n<LI>Certificate of completion</LI>\r\n</UL>', 3), (4, 'Advanced React and Redux', 'Walkthroughs on advanced React v16.6.3 and Redux v4.0.0 - Authentication, Testing, Middlewares, HOC\'s, and Deployment', '22', b'1', '<UL>\r\n<LI>Write solid, good Javascript code</LI>\r\n<LI>Drastically improve your ability to debug problems in Javascript.</LI>\r\n<LI>Understand the source code of popular Javascript frameworks</LI>\r\n</UL>', '<UL>\r\n<LI>The Basics of MicroFontends</LI>\r\n<LI>The Basics of Mudule Federation</LI>\r\n<LI>Advatage tips</LI>\r\n<LI>Performance Considerations</LI>\r\n<LI>Decorators</LI>\r\n</UL>', '<UL>\r\n<LI>The Basics of MicroFontends</LI>\r\n<LI>The Basics of Mudule Federation</LI>\r\n<LI>Advatage tips</LI>\r\n<LI>Performance Considerations</LI>\r\n<LI>Decorators</LI>\r\n</UL>', '<p>\r\nAs a developer, you should be able to write code which works - of course!<br>\r\nUnfortunately, a lot of developers <b>write bad code nonetheless</b> - even though the code works. Because\r\n<b>\"working code\" is not the same as \"clean code\"!</b><br>\r\n<b>This course teaches you how to write clean code - code which is easy to read and understand by humans, not just computers!</b><br>\r\nIn this course, you\'ll learn what exactly clean code is and, more importantly, \r\nhow you can write clean code. Because if your code is written in a clean way, \r\nit\'s easier to read and understand and therefore easier to maintain.\r\n</p>', 'Typescript in perfection. Building web framework and library with typescript has been an eye-opening experience', 4, 150000, '<UL>\r\n<LI>12.5 hours on-demand video</LI>\r\n<LI>25 articles</LI>\r\n<LI>187 downloadable resources</LI>\r\n</UL>', 3), (5, 'Build Responsive Real World Websites with HTML5 and CSS3', 'The easiest way to learn modern web design, HTML5 and CSS3 step-by-step from scratch. Design AND code a huge project.', '28', b'1', '<UL>\r\n<LI>Master design patterns for building large applications</LI>\r\n<LI>Understand Composition vs Inheritance, and when to use each</LI>\r\n<LI>Assemble reusable boilerplates for your own Typescript projects</LI>\r\n</UL>', '<UL>\r\n<LI>Getting Started</LI>\r\n<LI>Calsses & Interfaces</LI>\r\n<LI>Modules & Namespaces</LI>\r\n<LI>Advanced Types</LI>\r\n<LI>Decorators</LI>\r\n</UL>', '<UL>\r\n<LI>What is Vue?</LI>\r\n<LI>EnVironment Setup</LI>\r\n<LI>Course Files</LI>\r\n</UL>', '<p>\r\n<b>Docker & Kubernetes<b> are amongst the most <b>in-demand technologies and topics</b> you can learn these days.<br>\r\nwhy?<br>\r\nBecause they significantly <b>simplify the development and deployment process</b> of both \r\nsimple and complex software projects. Especially in web development (though not limited to that),\r\n(though not limited to that), Docker can really <b>take you to the next level!</b>\r\n</p>', 'This is a good course about typescript. However, some of the section such as create web frame work, require the learners to have enough real work experience otherwise it\'s very hard to understand the lecturer\'s ideas and then the lectures become boring.', 5, 155000, '<UL>\r\n<LI>33.5 hours on-demand video</LI>\r\n<LI>41 articles</LI>\r\n<LI>149 downloadable resources</LI>\r\n<LI>Full lifetime access</LI>\r\n<LI>Access on mobile and TV</LI>\r\n<LI>Certificate of completion</LI>\r\n</UL>', 2), (6, 'CSS - The Complete Guide 2021 (incl. Flexbox, Grid & Sass)', 'CSS - The Complete Guide 2021 (incl. Flexbox, Grid & Sass)', '28', b'1', '<UL>\r\n<LI>Integrate Typescript into React/Redux or Express projects</LI>\r\n<LI>Write reusable code powered by classes and interfaces</LI>\r\n<LI>Assemble reusable boilerplates for your own Typescript projects</LI>\r\n</UL>', '<UL>\r\n<LI>Introduction & Setup</LI>\r\n<LI>Vue Basics</LI>\r\n<LI>Async Code</LI>\r\n<LI>The Composition API</LI>\r\n</UL>', '<UL>\r\n<LI>Introduction</LI>\r\n<LI>Why Svelte</LI>\r\n<LI>Course Outline</LI>\r\n</UL>', '<p>Javascript is the language that modern developers need to know, and know well. \r\nTruly knowing Javascript will get you a job, and enable you to build quality web \r\nand server applications.<br>\r\nNOTE: This course includes information on ECMAScript 6 (ES6) the next version of Javascript!<br>\r\nIn this course you will gain a deep understanding of Javascript,<b>learn how Javascript works under the hood,</b>\r\nand how that knowledge helps you avoid common pitfalls and<b>drastically improve your ability to debug problems.</b>\r\nYou will find clarity in the parts that others, even experienced coders, may find weird, odd, and at times incomprehensible. \r\nYou\'ll learn the beauty and deceptive power of this language that is at the forefront of modern software development today.\r\n</p>', 'A perfect and cool course, I am very happy because this type of course really improve my knowledge', 4, 125000, '<UL>\r\n<LI>40.5 hours on-demand video</LI>\r\n<LI>62 articles</LI>\r\n<LI>499 downloadable resources</LI>\r\n<LI>Full lifetime access</LI>\r\n<LI>Access on mobile and TV</LI>\r\n<LI>Certificate of completion</LI>\r\n</UL>', 2), (7, 'PHP with Laravel for beginners - Become a Master in Laravel', 'Learn to master Laravel to make advanced applications like the real CMS app we build on this course', '5', b'1', '<UL>\r\n<LI>Learn how to write code which is readable and understandable</LI>\r\n<LI>Learn about key principles, rules and concepts that allow you to write clean code</LI>\r\n<LI>Assemble reusable boilerplates for your own Typescript projects</LI>\r\n</UL>', '<UL>\r\n<LI>The Basics of MicroFontends</LI>\r\n<LI>The Basics of Mudule Federation</LI>\r\n<LI>Advatage tips</LI>\r\n<LI>Performance Considerations</LI>\r\n<LI>Decorators</LI>\r\n</UL>', '<UL>\r\n<LI>Module Introduction</LI>\r\n<LI>Wrap Up</LI>\r\n<LI>Useful Resources</LI>\r\n</UL>', '<p>\r\nAs a developer, you should be able to write code which works - of course!<br>\r\nUnfortunately, a lot of developers <b>write bad code nonetheless</b> - even though the code works. Because\r\n<b>\"working code\" is not the same as \"clean code\"!</b><br>\r\n<b>This course teaches you how to write clean code - code which is easy to read and understand by humans, not just computers!</b><br>\r\nIn this course, you\'ll learn what exactly clean code is and, more importantly, \r\nhow you can write clean code. Because if your code is written in a clean way, \r\nit\'s easier to read and understand and therefore easier to maintain.\r\n</p>', 'This is a perfect course to become a perfect NodeJs developer. Stephen is always one step ahead in picturizing everything that a developer would require to become one. Kudos! Go ahead but make sure you have the pre-requisites.', 4, 123000, '<UL>\r\n<LI>12.5 hours on-demand video</LI>\r\n<LI>25 articles</LI>\r\n<LI>187 downloadable resources</LI>\r\n</UL>', 4), (8, 'Build a Social Network from Scratch: JavaScript PHP + MySQL', 'Learn JavaScript, PHP and MySQL by building the ultimate social network website from scratch! The complete guide!', '27', b'1', '<UL>\r\n<LI>Use TypeScript and its Features like Types, ES6 Support, Classes, Modules, Interfaces and much more in any of their Projects</LI>\r\n<LI>Why TypeScript offers a real advantage over vanilla JavaScript</LI>\r\n<LI>Learn TypeScript both in theory as well as applied to real use-cases and projects</LI>\r\n</UL>', '<UL>\r\n<LI>Beinger</LI>\r\n<LI>Vue Basics</LI>\r\n<LI>Async Code</LI>\r\n<LI>The Composition API</LI>\r\n</UL>', '<UL>\r\n<LI>The Basics of MicroFontends</LI>\r\n<LI>The Basics of Mudule Federation</LI>\r\n<LI>Advatage tips</LI>\r\n<LI>Performance Considerations</LI>\r\n<LI>Decorators</LI>\r\n</UL>', '<p>\r\nSvelte.js (or just \"Svelte\") is a <b>modern JavaScript compiler</b> that allows you to write easy-to-understand \r\nJavaScript code which is then compiled to highly efficient \r\ncode that runs in the browser.<br>\r\nYou\'ll write your frontend application using normal JavaScript, \r\nfollowing specific rules laid out by Svelte (which are of course taught in this course). \r\nAs a result, the Svelte compiler will produce a small and highly optimized JavaScript bundle \r\nwhich can be deployed.\r\n</p>', 'Learnt a lot in this course. Have to be prepared for a long course and persist. It was challenging initially learning with windows 8 running minikube, docker. Later in the course after moving to cloud things became smooth. Got a good understanding of microservice design', 5, 164000, '<UL>\r\n<LI>33.5 hours on-demand video</LI>\r\n<LI>41 articles</LI>\r\n<LI>149 downloadable resources</LI>\r\n<LI>Full lifetime access</LI>\r\n<LI>Access on mobile and TV</LI>\r\n<LI>Certificate of completion</LI>\r\n</UL>', 4), (9, 'NodeJS - The Complete Guide (MVC, REST APIs, GraphQL, Deno)', 'Master Node JS & Deno.js, build REST APIs with Node.js, GraphQL APIs, add Authentication, use MongoDB, SQL & much more!', '22', b'1', '<UL>\r\n<LI>Become job-ready by understanding how JavaScript really works behind the scenes</LI>\r\n<LI>Get downloadable lectures and friendly support in the Q&A area</LI>\r\n<LI>Design your unique learning path according to your goals: course pathways</LI>\r\n</UL>', '<UL>\r\n<LI>Getting Started</LI>\r\n<LI>Calsses & Interfaces</LI>\r\n<LI>Modules & Namespaces</LI>\r\n<LI>Advanced Types</LI>\r\n<LI>Decorators</LI>\r\n</UL>', '<UL>\r\n<LI>What is Vue?</LI>\r\n<LI>EnVironment Setup</LI>\r\n<LI>Course Files</LI>\r\n</UL>', '<p>\r\nAs a developer, you should be able to write code which works - of course!<br>\r\nUnfortunately, a lot of developers <b>write bad code nonetheless</b> - even though the code works. Because\r\n<b>\"working code\" is not the same as \"clean code\"!</b><br>\r\n<b>This course teaches you how to write clean code - code which is easy to read and understand by humans, not just computers!</b><br>\r\nIn this course, you\'ll learn what exactly clean code is and, more importantly, \r\nhow you can write clean code. Because if your code is written in a clean way, \r\nit\'s easier to read and understand and therefore easier to maintain.\r\n</p>', 'In general, this is a very good course. A lot of different concepts and you end up deploying an app into the real world using the state of the art in terms of tecnologies.', 3, 171000, '<UL>\r\n<LI>12.5 hours on-demand video</LI>\r\n<LI>25 articles</LI>\r\n<LI>187 downloadable resources</LI>\r\n</UL>', 3), (10, 'Understanding TypeScript - 2021 Edition', 'Don\'t limit the Usage of TypeScript to Angular! Learn the Basics, its Features, Workflows and how to use it!', '9', b'1', '<UL>\r\n<LI>Grasp how Javascript works and it\'s fundamental concepts</LI>\r\n<LI>Understand advanced concepts such as closures, prototypal inheritance, IIFEs, and much more.</LI>\r\n<LI>Avoid common pitfalls and mistakes other Javascript coders make</LI>\r\n</UL>', '<UL>\r\n<LI>The Basics of MicroFontends</LI>\r\n<LI>The Basics of Mudule Federation</LI>\r\n<LI>Advatage tips</LI>\r\n<LI>Performance Considerations</LI>\r\n<LI>Decorators</LI>\r\n</UL>', '<UL>\r\n<LI>Introduction</LI>\r\n<LI>Why Svelte</LI>\r\n<LI>Course Outline</LI>\r\n</UL>', '<p>\r\n<b>Docker & Kubernetes<b> are amongst the most <b>in-demand technologies and topics</b> you can learn these days.<br>\r\nwhy?<br>\r\nBecause they significantly <b>simplify the development and deployment process</b> of both \r\nsimple and complex software projects. Especially in web development (though not limited to that),\r\n(though not limited to that), Docker can really <b>take you to the next level!</b>\r\n</p>', 'I rarely leave reviews on courses but this is one of the best courses I\'ve taken. It is a long one but very much so worth it. I feel I am ready to build enterprise level microservices applications', 4, 234000, '<UL>\r\n<LI>33.5 hours on-demand video</LI>\r\n<LI>41 articles</LI>\r\n<LI>149 downloadable resources</LI>\r\n<LI>Full lifetime access</LI>\r\n<LI>Access on mobile and TV</LI>\r\n<LI>Certificate of completion</LI>\r\n</UL>', 1), (11, 'React and Next.js: Different ways of creating React Apps', 'React, Next.js, Redux, Typescript, React Hooks, c3.js, Upload Images, Export CSV files', '27', b'1', '<UL>\r\n<LI>Learn how to write code which is readable and understandable</LI>\r\n<LI>Learn about key principles, rules and concepts that allow you to write clean code</LI>\r\n<LI>Assemble reusable boilerplates for your own Typescript projects</LI>\r\n</UL>', '<UL>\r\n<LI>Introduction & Setup</LI>\r\n<LI>Vue Basics</LI>\r\n<LI>Async Code</LI>\r\n<LI>The Composition API</LI>\r\n</UL>', '<UL>\r\n<LI>Module Introduction</LI>\r\n<LI>Wrap Up</LI>\r\n<LI>Useful Resources</LI>\r\n</UL>', '<p>\r\n<b>EXPANDED and UPDATED in June 2019 to include new sections on Next JS and Server-Side Rendering!</b><br>\r\nWelcome to the best online resource for learning React!<b> Published in April 2019,</b> this course is <b>brand new</b> and\r\ncovers the latest in React.  This course follows the exact same React curriculum my <b>in-person bootcamp\r\nstudents follow in San Francisco</b>, where students have gone on to get jobs at places like <b>Google, Apple,\r\nPinterest, & Linkedin</b>.  This is the most polished React course online, and it\'s the only course that is based on\r\nREAL bootcamp curriculum that has been <b>tried and tested in the classroom.</b>\r\n</p>', 'This is a perfect course to become a perfect NodeJs developer. Stephen is always one step ahead in picturizing everything that a developer would require to become one. Kudos! Go ahead but make sure you have the pre-requisites.', 5, 126000, '<UL>\r\n<LI>12.5 hours on-demand video</LI>\r\n<LI>25 articles</LI>\r\n<LI>187 downloadable resources</LI>\r\n</UL>', 1), (12, 'Fullstack JavaScript : Learn JavaScript,React', 'Learn all the Javascript Technologies Like Vanilla Javascript, React JS , Node JS , Express JS and Mongo DB (FullStack)', '30', b'1', '<UL>\r\n<LI>Become job-ready by understanding how JavaScript really works behind the scenes</LI>\r\n<LI>Get downloadable lectures and friendly support in the Q&A area</LI>\r\n<LI>Design your unique learning path according to your goals: course pathways</LI>\r\n</UL>', '<UL>\r\n<LI>Beinger</LI>\r\n<LI>Vue Basics</LI>\r\n<LI>Async Code</LI>\r\n<LI>The Composition API</LI>\r\n</UL>', '<UL>\r\n<LI>Welcome!</LI>\r\n<LI>Grab the PDF Guide</LI>\r\n<LI>Github</LI>\r\n</UL>', '<p>\r\n<b>*** The #1 bestselling JavaScript course on Udemy! ***</b><br>\r\n<b>*** Completely re-built from scratch in October 2020 (65 hours video) ***</b><br>\r\n\"Really, really well made course. Super in-depth, with great challenges and projects that will solidify your Javascript understanding. \r\nI found the lectures were paced perfectly -- \r\nJonas doesn\'t skip over anything that might be useful to a JS developer\" — \r\nCarson Bartholomew\r\n<p>', 'Extremely grateful for Stephen\'s courses, he\'s a wonderful instructor who explains the topics well in great detail. Love how he goes into why things work the way they do instead of brushing over it like it is what is. Showing the wrong way before showing the correct way is something I appreciate a lot as that helps in building good understanding of the topic.', 3, 170000, '<UL>\r\n<LI>60 hours on-demand video</LI>\r\n<LI>72 articles</LI>\r\n<LI>27 downloadable resources</LI>\r\n<LI>Full lifetime access</LI>\r\n<LI>Access on mobile and TV</LI>\r\n<LI>Certificate of completion</LI>\r\n</UL>', 1), (13, 'Build Websites from Scratch with HTML & CSS', 'Learn Web Development Essentials and Become a Web Developer From Scratch in this Complete HTML & CSS Beginner\'s Course', '40', b'1', '<UL>\r\n<LI>Grasp how Javascript works and it\'s fundamental concepts</LI>\r\n<LI>Understand advanced concepts such as closures, prototypal inheritance, IIFEs, and much more.</LI>\r\n<LI>Avoid common pitfalls and mistakes other Javascript coders make</LI>\r\n</UL>', '<UL>\r\n<LI>Getting Started</LI>\r\n<LI>Calsses & Interfaces</LI>\r\n<LI>Modules & Namespaces</LI>\r\n<LI>Advanced Types</LI>\r\n<LI>Decorators</LI>\r\n</UL>', '<UL>\r\n<LI>Setting Up For The Course</LI>\r\n<LI>OPTIONAL: MAC/LINUX Setup</LI>\r\n<LI>Developer Tools + Github Pages</LI>\r\n</UL>', '<p>\r\n<b>Learn one of the most important Languages in Web Development - from scratch in a fast-paced fashion!</b><br>\r\navaScript is one of the <b>most important</b> parts of every modern, reactive, user-friendly Web Pages or Applications. Despite that fact, you might yourself know many tutorials which leave you with a lot of open questions or are good, \r\nbut also a couple of years old!\r\n</p>', 'Great course! Now I fully understand how React/Redux is rendered on the server and interacts with the client. I can take advantage of both SSR/SPA and apply it to a micro service setup (also from Stephen) with many small dedicated front-end SPA services - backed up with SSR. Lots of potential to scale well.', 4, 155000, '<UL>\r\n<LI>33.5 hours on-demand video</LI>\r\n<LI>41 articles</LI>\r\n<LI>149 downloadable resources</LI>\r\n<LI>Full lifetime access</LI>\r\n<LI>Access on mobile and TV</LI>\r\n<LI>Certificate of completion</LI>\r\n</UL>', 2), (14, 'The Full JavaScript & ES6 Tutorial - (including ES7 & React)', 'The most in-depth course on ES6 around. Start with JavaScript, deep-dive into ES6, & even more (Webpack, ES7, & React)!', '37', b'1', '<UL>\r\n<LI>Write solid, good Javascript code</LI>\r\n<LI>Drastically improve your ability to debug problems in Javascript.</LI>\r\n<LI>Understand the source code of popular Javascript frameworks</LI>\r\n</UL>', '<UL>\r\n<LI>Getting Started</LI>\r\n<LI>Calsses & Interfaces</LI>\r\n<LI>Modules & Namespaces</LI>\r\n<LI>Advanced Types</LI>\r\n<LI>Decorators</LI>\r\n</UL>', '<UL>\r\n<LI>Introduction</LI>\r\n<LI>How to Execute Javascript</LI>\r\n<LI>Course Format</LI>\r\n</UL>', '<p>\r\nThis is a front to back JavaScript course for <b>absolutely everybody</b>.\r\nWe start with the basic fundamentals and \r\nwork our way to advanced programming WITHOUT relying on frameworks or libraries at all. \r\nYou will learn a ton of pure JavaScript,\r\nwhether you are a beginner or an established JS programmer. \r\nThere is something for everyone...\r\n</p>', 'It was a very informative course. I, even as a beginner, was able to understand the topics so well. It was detailed and explained very beautifully. Thank you.', 5, 164000, '<UL>\r\n<LI>12.5 hours on-demand video</LI>\r\n<LI>25 articles</LI>\r\n<LI>187 downloadable resources</LI>\r\n</UL>', 2), (15, 'The Ultimate CSS - Best Practise on Animations & Effects', 'Brush up your CSS skills and dive in even deeper. EVERY web developer has to know CSS.', '34', b'1', '<UL>\r\n<LI>Integrate Typescript into React/Redux or Express projects</LI>\r\n<LI>Write reusable code powered by classes and interfaces</LI>\r\n<LI>Assemble reusable boilerplates for your own Typescript projects</LI>\r\n</UL>', '<UL>\r\n<LI>Welcome</LI>\r\n<LI>Installing and Exploring </LI>\r\n<LI>Updating Documents</LI>\r\n<LI>Deleting Documents</LI>\r\n</UL>', '<UL>\r\n<LI>The New Version Of The Course Is Here</LI>\r\n<LI>Will I Get A Job</LI>\r\n<LI>Joining The Community Chat</LI>\r\n</UL>', '<p>\r\nAs a developer, you should be able to write code which works - of course!<br>\r\nUnfortunately, a lot of developers <b>write bad code nonetheless</b> - even though the code works. Because\r\n<b>\"working code\" is not the same as \"clean code\"!</b><br>\r\n<b>This course teaches you how to write clean code - code which is easy to read and understand by humans, not just computers!</b><br>\r\nIn this course, you\'ll learn what exactly clean code is and, more importantly, \r\nhow you can write clean code. Because if your code is written in a clean way, \r\nit\'s easier to read and understand and therefore easier to maintain.\r\n</p>', 'Well I was looking for a course which do have react with typescript, but there isn’t much content available on internet. This course definitely serves the purpose of learning react in typescript. So far I have completed just one section, but seems like a good one. Will update this review later after completing this course.', 5, 234000, '<UL>\r\n<LI>40.5 hours on-demand video</LI>\r\n<LI>62 articles</LI>\r\n<LI>499 downloadable resources</LI>\r\n<LI>Full lifetime access</LI>\r\n<LI>Access on mobile and TV</LI>\r\n<LI>Certificate of completion</LI>\r\n</UL>', 2), (16, '1 Hour CSS', 'Learn how to code in CSS in 1 hour. This class is set up for complete beginners!', '40', b'1', '<UL>\r\n<LI>Learn how to write code which is readable and understandable</LI>\r\n<LI>Learn about key principles, rules and concepts that allow you to write clean code</LI>\r\n<LI>Assemble reusable boilerplates for your own Typescript projects</LI>\r\n</UL>', '<UL>\r\n<LI>Introduction & Setup</LI>\r\n<LI>Vue Basics</LI>\r\n<LI>Async Code</LI>\r\n<LI>The Composition API</LI>\r\n</UL>', '<UL>\r\n<LI>Module Introduction</LI>\r\n<LI>Wrap Up</LI>\r\n<LI>Useful Resources</LI>\r\n</UL>', '<p>\r\n<b>Course Last Updated for React v16.6.3 and Redux v4.0.1!  All content is brand new!  Update \r\nincludes detailed videos on the new React Hooks system.</b><br>\r\nCongratulations!  You\'ve found the most <b>popular</b>, most <b>complete</b>, and most \r\n<b>up-to-date</b> resource online for learning React and Redux!\r\n</p>', 'This course teaches not only about the how, but also about the why. Very good course, definitely recommended for anybody interested in understanding typescript.', 4, 234000, '<UL>\r\n<LI>55 hours on-demand video</LI>\r\n<LI>35 articles</LI>\r\n<LI>27 downloadable resources</LI>\r\n<LI>Full lifetime access</LI>\r\n<LI>Access on mobile and TV</LI>\r\n<LI>Certificate of completion</LI>\r\n</UL>', 2), (17, 'GraphQL with React: The Complete Developers Guide', 'Learn and master GraphQL by building real web apps with React and Node', '42', b'1', '<UL>\r\n<LI>Use TypeScript and its Features like Types, ES6 Support, Classes, Modules, Interfaces and much more in any of their Projects</LI>\r\n<LI>Why TypeScript offers a real advantage over vanilla JavaScript</LI>\r\n<LI>Learn TypeScript both in theory as well as applied to real use-cases and projects</LI>\r\n</UL>', '<UL>\r\n<LI>Welcome</LI>\r\n<LI>Installing and Exploring </LI>\r\n<LI>Updating Documents</LI>\r\n<LI>Deleting Documents</LI>\r\n</UL>', '<UL>\r\n<LI>Caching in Action</LI>\r\n<LI>Caching Issues</LI>\r\n<LI>Restoring Blog Routes Handler</LI>\r\n</UL>', '<p>\r\n<b>Join the most comprehensive Node.js course on Udemy and learn Node in both a practical\r\n as well as theory-based way!</b>\r\n</p>', 'This course is amazing for anyone who wants to understand the weird syntax of any Javascript framework! It even includes a whole section on building one\'s own framework with the knowledge covered in previous chapters. I have been craving for someone to tell me why something that happens in Javascript happens the way it does and this course was the answer!! There is some material that is old but the well organized nature of this course helps you understand the language and its mysterious syntax. For everything else, there\'s Google!', 5, 123000, '<UL>\r\n<LI>12.5 hours on-demand video</LI>\r\n<LI>25 articles</LI>\r\n<LI>187 downloadable resources</LI>\r\n</UL>', 3), (18, 'Server Side Rendering with React and Redux', 'Build React, Redux, and React Router apps using Server Side Rendering (SSR), Isomorphic, and Universal JS techniques', '45', b'1', '<UL>\r\n<LI>Real World Backend RESTful API For Bootcamp Directory App</LI>\r\n<LI>Advanced Mongoose Queries</LI>\r\n<LI>JWT/Cookie Authentication</LI>\r\n<LI>API Documentation & Deployment</LI>\r\n</UL>', '<UL>\r\n<LI>Beinger</LI>\r\n<LI>Vue Basics</LI>\r\n<LI>Async Code</LI>\r\n<LI>The Composition API</LI>\r\n</UL>', '<UL>\r\n<LI>Setting Up For The Course</LI>\r\n<LI>OPTIONAL: MAC/LINUX Setup</LI>\r\n<LI>Developer Tools + Github Pages</LI>\r\n</UL>', '<p>\r\nThis is a front to back JavaScript course for <b>absolutely everybody</b>.\r\nWe start with the basic fundamentals and \r\nwork our way to advanced programming WITHOUT relying on frameworks or libraries at all. \r\nYou will learn a ton of pure JavaScript,\r\nwhether you are a beginner or an established JS programmer. \r\nThere is something for everyone...\r\n</p>', 'It was a very informative course. I, even as a beginner, was able to understand the topics so well. It was detailed and explained very beautifully. Thank you.', 3, 170000, '<UL>\r\n<LI>60 hours on-demand video</LI>\r\n<LI>72 articles</LI>\r\n<LI>27 downloadable resources</LI>\r\n<LI>Full lifetime access</LI>\r\n<LI>Access on mobile and TV</LI>\r\n<LI>Certificate of completion</LI>\r\n</UL>', 3), (19, 'React JS, Angular & Vue JS - Quickstart & Comparison', 'Angular (Angular 2+), React or Vue? Get a Crash Course on each of them and a detailed comparison!', '34', b'1', '<UL>\r\n<LI>Grasp how Javascript works and it\'s fundamental concepts</LI>\r\n<LI>Understand advanced concepts such as closures, prototypal inheritance, IIFEs, and much more.</LI>\r\n<LI>Avoid common pitfalls and mistakes other Javascript coders make</LI>\r\n</UL>', '<UL>\r\n<LI>Learn New OOP techniques</LI>\r\n<LI>Build PHP OOP applications</LI>\r\n<LI>Learning Unique HTML Elements</LI>\r\n<LI>Learning All About CSS Transitions</LI>\r\n</UL>', '<UL>\r\n<LI>The New Version Of The Course Is Here</LI>\r\n<LI>Will I Get A Job</LI>\r\n<LI>Joining The Community Chat</LI>\r\n</UL>', '<p>\r\nAs a developer, you should be able to write code which works - of course!<br>\r\nUnfortunately, a lot of developers <b>write bad code nonetheless</b> - even though the code works. Because\r\n<b>\"working code\" is not the same as \"clean code\"!</b><br>\r\n<b>This course teaches you how to write clean code - code which is easy to read and understand by humans, not just computers!</b><br>\r\nIn this course, you\'ll learn what exactly clean code is and, more importantly, \r\nhow you can write clean code. Because if your code is written in a clean way, \r\nit\'s easier to read and understand and therefore easier to maintain.\r\n</p>', 'Very good course. Well explained for what i would consider a rather profoundly hard subject', 4, 155000, '<UL>\r\n<LI>33.5 hours on-demand video</LI>\r\n<LI>41 articles</LI>\r\n<LI>149 downloadable resources</LI>\r\n<LI>Full lifetime access</LI>\r\n<LI>Access on mobile and TV</LI>\r\n<LI>Certificate of completion</LI>\r\n</UL>', 3), (20, 'Create a Netflix clone from Scratch: JavaScript PHP + MySQL', 'Learn JavaScript, PHP and MySQL by making the ultimate Netflix clone website completely from scratch!', '50', b'1', '<UL>\r\n<LI>Write solid, good Javascript code</LI>\r\n<LI>Drastically improve your ability to debug problems in Javascript.</LI>\r\n<LI>Understand the source code of popular Javascript frameworks</LI>\r\n</UL>', '<UL>\r\n<LI>Getting Started</LI>\r\n<LI>Calsses & Interfaces</LI>\r\n<LI>Modules & Namespaces</LI>\r\n<LI>Advanced Types</LI>\r\n<LI>Decorators</LI>\r\n</UL>', '<UL>\r\n<LI>Introduction</LI>\r\n<LI>How to Execute Javascript</LI>\r\n<LI>Course Format</LI>\r\n</UL>', '<p>\r\n<b>Course Last Updated for React v16.6.3 and Redux v4.0.1!  All content is brand new!  Update \r\nincludes detailed videos on the new React Hooks system.</b><br>\r\nCongratulations!  You\'ve found the most <b>popular</b>, most <b>complete</b>, and most \r\n<b>up-to-date</b> resource online for learning React and Redux!\r\n</p>', 'It was a very informative course. I, even as a beginner, was able to understand the topics so well. It was detailed and explained very beautifully. Thank you.', 5, 164000, '<UL>\r\n<LI>43 hours on-demand video</LI>\r\n<LI>25 articles</LI>\r\n<LI>15 downloadable resources</LI>\r\n<LI>Full lifetime access</LI>\r\n<LI>Access on mobile and TV</LI>\r\n<LI>Certificate of completion</LI>\r\n</UL>', 4), (21, 'PHP OOP: Object Oriented Programming for beginners + Project', 'PHP OOP: Learn OOP PHP and Take your skills to another level. Make serious money by building awesome applications.', '30', b'1', '<UL>\r\n<LI>Become job-ready by understanding how JavaScript really works behind the scenes</LI>\r\n<LI>Get downloadable lectures and friendly support in the Q&A area</LI>\r\n<LI>Design your unique learning path according to your goals: course pathways</LI>\r\n</UL>', '<UL>\r\n<LI>Introduction & Setup</LI>\r\n<LI>Vue Basics</LI>\r\n<LI>Async Code</LI>\r\n<LI>The Composition API</LI>\r\n</UL>', '<UL>\r\n<LI>Setting Up For The Course</LI>\r\n<LI>OPTIONAL: MAC/LINUX Setup</LI>\r\n<LI>Developer Tools + Github Pages</LI>\r\n</UL>', '<p>\r\n<b>Learn one of the most important Languages in Web Development - from scratch in a fast-paced fashion!</b><br>\r\navaScript is one of the <b>most important</b> parts of every modern, reactive, user-friendly Web Pages or Applications. Despite that fact, you might yourself know many tutorials which leave you with a lot of open questions or are good, \r\nbut also a couple of years old!\r\n</p>', 'Well I was looking for a course which do have react with typescript, but there isn’t much content available on internet. This course definitely serves the purpose of learning react in typescript. So far I have completed just one section, but seems like a good one. Will update this review later after completing this course.', 4, 120000, '<UL>\r\n<LI>55 hours on-demand video</LI>\r\n<LI>35 articles</LI>\r\n<LI>27 downloadable resources</LI>\r\n<LI>Full lifetime access</LI>\r\n<LI>Access on mobile and TV</LI>\r\n<LI>Certificate of completion</LI>\r\n</UL>', 4), (22, 'Build a Social Network from Scratch: JavaScript PHP + MySQL', 'Learn JavaScript, PHP and MySQL by building the ultimate social network website from scratch! The complete guide!', '37', b'1', '<UL>\r\n<LI>Understanding How the Web Works</LI>\r\n<LI>Learning Practical HTML Elements and CSS Properties</LI>\r\n<LI>Learning Unique HTML Elements</LI>\r\n<LI>Learning All About CSS Transitions</LI>\r\n</UL>', '<UL>\r\n<LI>Deployment to Amazon Web Services</LI>\r\n<LI>Handling CSS in Microfontends</LI>\r\n<LI>Learning Unique HTML Elements</LI>\r\n<LI>Learning All About CSS Transitions</LI>\r\n</UL>', '<UL>\r\n<LI>How to Get Help</LI>\r\n<LI>The Node Event Loop</LI>\r\n<LI>Is Node Single Threads</LI>\r\n</UL>', '<p>\r\n<b>Course Last Updated for React v16.6.3 and Redux v4.0.1!  All content is brand new!  Update \r\nincludes detailed videos on the new React Hooks system.</b><br>\r\nCongratulations!  You\'ve found the most <b>popular</b>, most <b>complete</b>, and most \r\n<b>up-to-date</b> resource online for learning React and Redux!\r\n</p>', 'Very good course. Well explained for what i would consider a rather profoundly hard subject', 5, 234000, '<UL>\r\n<LI>40.5 hours on-demand video</LI>\r\n<LI>62 articles</LI>\r\n<LI>499 downloadable resources</LI>\r\n<LI>Full lifetime access</LI>\r\n<LI>Access on mobile and TV</LI>\r\n<LI>Certificate of completion</LI>\r\n</UL>', 4), (23, 'Complete PHP Course With Bootstrap3 CMS System & Admin Panel', 'In this complete course students will learn how to use PHP with Bootstrap3 as well as A CMS System and Admin Panel', '50', b'1', '<UL>\r\n<LI>Master design patterns for building large applications</LI>\r\n<LI>Understand Composition vs Inheritance, and when to use each</LI>\r\n<LI>Assemble reusable boilerplates for your own Typescript projects</LI>\r\n</UL>', '<UL>\r\n<LI>Beinger</LI>\r\n<LI>Vue Basics</LI>\r\n<LI>Async Code</LI>\r\n<LI>The Composition API</LI>\r\n</UL>', '<UL>\r\n<LI>Welcome!</LI>\r\n<LI>Grab the PDF Guide</LI>\r\n<LI>Github</LI>\r\n</UL>', '<p>\r\n<b>Join the most comprehensive Node.js course on Udemy and learn Node in both a practical\r\n as well as theory-based way!</b>\r\n</p>', 'Extremely grateful for Stephen\'s courses, he\'s a wonderful instructor who explains the topics well in great detail. Love how he goes into why things work the way they do instead of brushing over it like it is what is. Showing the wrong way before showing the correct way is something I appreciate a lot as that helps in building good understanding of the topic.', 5, 171000, '<UL>\r\n<LI>43 hours on-demand video</LI>\r\n<LI>25 articles</LI>\r\n<LI>15 downloadable resources</LI>\r\n<LI>Full lifetime access</LI>\r\n<LI>Access on mobile and TV</LI>\r\n<LI>Certificate of completion</LI>\r\n</UL>', 4), (24, 'PHP Unit Testing with PHPUnit', 'Unit test your PHP code using the PHPUnit testing framework: find bugs quickly and early, and improve your code quality.', '34', b'1', '<UL>\r\n<LI>Real World Backend RESTful API For Bootcamp Directory App</LI>\r\n<LI>Advanced Mongoose Queries</LI>\r\n<LI>JWT/Cookie Authentication</LI>\r\n<LI>API Documentation & Deployment</LI>\r\n</UL>', '<UL>\r\n<LI>Getting Started</LI>\r\n<LI>Calsses & Interfaces</LI>\r\n<LI>Modules & Namespaces</LI>\r\n<LI>Advanced Types</LI>\r\n<LI>Decorators</LI>\r\n</UL>', '<UL>\r\n<LI>Caching in Action</LI>\r\n<LI>Caching Issues</LI>\r\n<LI>Restoring Blog Routes Handler</LI>\r\n</UL>', '<p>\r\nThis is a front to back JavaScript course for <b>absolutely everybody</b>.\r\nWe start with the basic fundamentals and \r\nwork our way to advanced programming WITHOUT relying on frameworks or libraries at all. \r\nYou will learn a ton of pure JavaScript,\r\nwhether you are a beginner or an established JS programmer. \r\nThere is something for everyone...\r\n</p>', 'This course is amazing for anyone who wants to understand the weird syntax of any Javascript framework! It even includes a whole section on building one\'s own framework with the knowledge covered in previous chapters. I have been craving for someone to tell me why something that happens in Javascript happens the way it does and this course was the answer!! There is some material that is old but the well organized nature of this course helps you understand the language and its mysterious syntax. For everything else, there\'s Google!', 5, 234000, '<UL>\r\n<LI>12.5 hours on-demand video</LI>\r\n<LI>25 articles</LI>\r\n<LI>187 downloadable resources</LI>\r\n</UL>', 4), (25, 'Master Laravel & Create High-Level Applications with Laravel', 'Become a Laravel expert creating an eShop from scratch practicing all the Laravel features you learn in the process.', '40', b'1', '<UL>\r\n<LI>Grasp how Javascript works and it\'s fundamental concepts</LI>\r\n<LI>Understand advanced concepts such as closures, prototypal inheritance, IIFEs, and much more.</LI>\r\n<LI>Avoid common pitfalls and mistakes other Javascript coders make</LI>\r\n</UL>', '<UL>\r\n<LI>Deployment to Amazon Web Services</LI>\r\n<LI>Handling CSS in Microfontends</LI>\r\n<LI>Learning Unique HTML Elements</LI>\r\n<LI>Learning All About CSS Transitions</LI>\r\n</UL>', '<UL>\r\n<LI>Setting Up For The Course</LI>\r\n<LI>OPTIONAL: MAC/LINUX Setup</LI>\r\n<LI>Developer Tools + Github Pages</LI>\r\n</UL>', '<p>\r\nAs a developer, you should be able to write code which works - of course!<br>\r\nUnfortunately, a lot of developers <b>write bad code nonetheless</b> - even though the code works. Because\r\n<b>\"working code\" is not the same as \"clean code\"!</b><br>\r\n<b>This course teaches you how to write clean code - code which is easy to read and understand by humans, not just computers!</b><br>\r\nIn this course, you\'ll learn what exactly clean code is and, more importantly, \r\nhow you can write clean code. Because if your code is written in a clean way, \r\nit\'s easier to read and understand and therefore easier to maintain.\r\n</p>', 'Yes, learning the basics at a very good pace and with very good explanantions.', 4, 155000, '<UL>\r\n<LI>33.5 hours on-demand video</LI>\r\n<LI>41 articles</LI>\r\n<LI>149 downloadable resources</LI>\r\n<LI>Full lifetime access</LI>\r\n<LI>Access on mobile and TV</LI>\r\n<LI>Certificate of completion</LI>\r\n</UL>', 4), (26, 'Complete PHP from Scratch for Beginners', 'Start your Career as Back End Web Developer with lots of Practical Examples and Exercises. Skills Guaranteed.', '45', b'1', '<UL>\r\n<LI>Write solid, good Javascript code</LI>\r\n<LI>Drastically improve your ability to debug problems in Javascript.</LI>\r\n<LI>Understand the source code of popular Javascript frameworks</LI>\r\n</UL>', '<UL>\r\n<LI>Introduction & Setup</LI>\r\n<LI>Vue Basics</LI>\r\n<LI>Async Code</LI>\r\n<LI>The Composition API</LI>\r\n</UL>', '<UL>\r\n<LI>Begin</LI>\r\n<LI>Help</LI>\r\n<LI>Push</LI>\r\n</UL>', '<p>\r\n<b>Course Last Updated for React v16.6.3 and Redux v4.0.1!  All content is brand new!  Update \r\nincludes detailed videos on the new React Hooks system.</b><br>\r\nCongratulations!  You\'ve found the most <b>popular</b>, most <b>complete</b>, and most \r\n<b>up-to-date</b> resource online for learning React and Redux!\r\n</p>', 'It was a very informative course. I, even as a beginner, was able to understand the topics so well. It was detailed and explained very beautifully. Thank you.', 5, 120000, '<UL>\r\n<LI>55 hours on-demand video</LI>\r\n<LI>35 articles</LI>\r\n<LI>27 downloadable resources</LI>\r\n<LI>Full lifetime access</LI>\r\n<LI>Access on mobile and TV</LI>\r\n<LI>Certificate of completion</LI>\r\n</UL>', 4), (27, 'Build a Complete Registration and Login System using PHP MVC', 'Add registration, login, remember me, account activation, password reset by email and more using the PHP MVC framework', '30', b'1', '<UL>\r\n<LI>Integrate Typescript into React/Redux or Express projects</LI>\r\n<LI>Write reusable code powered by classes and interfaces</LI>\r\n<LI>Assemble reusable boilerplates for your own Typescript projects</LI>\r\n</UL>', '<UL>\r\n<LI>Getting Started</LI>\r\n<LI>Calsses & Interfaces</LI>\r\n<LI>Modules & Namespaces</LI>\r\n<LI>Advanced Types</LI>\r\n<LI>Decorators</LI>\r\n</UL>', '<UL>\r\n<LI>Module Introduction</LI>\r\n<LI>Wrap Up</LI>\r\n<LI>Useful Resources</LI>\r\n</UL>', '<p>\r\n<b>Join the most comprehensive Node.js course on Udemy and learn Node in both a practical\r\n as well as theory-based way!</b>\r\n</p>', 'A really amazing node course, very important for strengthening your node skills, expanding your knowledge, and improving the projects to a really high degree of security instead of just making solutions. Node Performance, Redis Caching, Headless Testing, CI (Continuous Integration), Scalable File Upload, it\'s all here', 5, 234000, '<UL>\r\n<LI>60 hours on-demand video</LI>\r\n<LI>72 articles</LI>\r\n<LI>27 downloadable resources</LI>\r\n<LI>Full lifetime access</LI>\r\n<LI>Access on mobile and TV</LI>\r\n<LI>Certificate of completion</LI>\r\n</UL>', 4), (28, 'JavaScript Basics for Beginners', 'JavaScript - Master the Fundamentals in 6 Hours', '52', b'1', '<UL>\r\n<LI>Understanding How the Web Works</LI>\r\n<LI>Learning Practical HTML Elements and CSS Properties</LI>\r\n<LI>Learning Unique HTML Elements</LI>\r\n<LI>Learning All About CSS Transitions</LI>\r\n</UL>', '<UL>\r\n<LI>Build your own music streaming service like Spotify</LI>\r\n<LI>Build PHP OOP applications</LI>\r\n<LI>Learning Unique HTML Elements</LI>\r\n<LI>Learning All About CSS Transitions</LI>\r\n</UL>', '<UL>\r\n<LI>The New Version Of The Course Is Here</LI>\r\n<LI>Will I Get A Job</LI>\r\n<LI>Joining The Community Chat</LI>\r\n</UL>', '<p>\r\n<b>Learn one of the most important Languages in Web Development - from scratch in a fast-paced fashion!</b><br>\r\navaScript is one of the <b>most important</b> parts of every modern, reactive, user-friendly Web Pages or Applications. Despite that fact, you might yourself know many tutorials which leave you with a lot of open questions or are good, \r\nbut also a couple of years old!\r\n</p>', 'Extremely grateful for Stephen\'s courses, he\'s a wonderful instructor who explains the topics well in great detail. Love how he goes into why things work the way they do instead of brushing over it like it is what is. Showing the wrong way before showing the correct way is something I appreciate a lot as that helps in building good understanding of the topic.', 5, 123000, '<UL>\r\n<LI>33.5 hours on-demand video</LI>\r\n<LI>41 articles</LI>\r\n<LI>149 downloadable resources</LI>\r\n<LI>Full lifetime access</LI>\r\n<LI>Access on mobile and TV</LI>\r\n<LI>Certificate of completion</LI>\r\n</UL>', 1), (29, 'Learn Modern JavaScript: Getting Started', 'JavaScript for Beginners; In Depth Training to truly Learn JavaScript; Gets You Started as a JavaScript Programmer', '47', b'1', '<UL>\r\n<LI>Become job-ready by understanding how JavaScript really works behind the scenes</LI>\r\n<LI>Get downloadable lectures and friendly support in the Q&A area</LI>\r\n<LI>Design your unique learning path according to your goals: course pathways</LI>\r\n</UL>', '<UL>\r\n<LI>Introduction & Setup</LI>\r\n<LI>Vue Basics</LI>\r\n<LI>Async Code</LI>\r\n<LI>The Composition API</LI>\r\n</UL>', '<UL>\r\n<LI>Welcome!</LI>\r\n<LI>Grab the PDF Guide</LI>\r\n<LI>Github</LI>\r\n</UL>', '<p>\r\n<b>Join the most comprehensive Node.js course on Udemy and learn Node in both a practical\r\n as well as theory-based way!</b>\r\n</p>', 'This course is amazing for anyone who wants to understand the weird syntax of any Javascript framework! It even includes a whole section on building one\'s own framework with the knowledge covered in previous chapters. I have been craving for someone to tell me why something that happens in Javascript happens the way it does and this course was the answer!! There is some material that is old but the well organized nature of this course helps you understand the language and its mysterious syntax. For everything else, there\'s Google!', 4, 234000, '<UL>\r\n<LI>55 hours on-demand video</LI>\r\n<LI>35 articles</LI>\r\n<LI>27 downloadable resources</LI>\r\n<LI>Full lifetime access</LI>\r\n<LI>Access on mobile and TV</LI>\r\n<LI>Certificate of completion</LI>\r\n</UL>', 1), (30, 'Learn DOM manipulation with easy modern JavaScript', 'Learn the Document Object Model fundamentals by building an interactive game with plain HTML, DOM and modern JavaScript.', '37', b'1', '<UL>\r\n<LI>Real World Backend RESTful API For Bootcamp Directory App</LI>\r\n<LI>Advanced Mongoose Queries</LI>\r\n<LI>JWT/Cookie Authentication</LI>\r\n<LI>API Documentation & Deployment</LI>\r\n</UL>', '<UL>\r\n<LI>Beinger</LI>\r\n<LI>Vue Basics</LI>\r\n<LI>Async Code</LI>\r\n<LI>The Composition API</LI>\r\n</UL>', '<UL>\r\n<LI>Begin</LI>\r\n<LI>Help</LI>\r\n<LI>Push</LI>\r\n</UL>', '<p>\r\nThis is a front to back JavaScript course for <b>absolutely everybody</b>.\r\nWe start with the basic fundamentals and \r\nwork our way to advanced programming WITHOUT relying on frameworks or libraries at all. \r\nYou will learn a ton of pure JavaScript,\r\nwhether you are a beginner or an established JS programmer. \r\nThere is something for everyone...\r\n</p>', 'Well I was looking for a course which do have react with typescript, but there isn’t much content available on internet. This course definitely serves the purpose of learning react in typescript. So far I have completed just one section, but seems like a good one. Will update this review later after completing this course.', 5, 155000, '<UL>\r\n<LI>40.5 hours on-demand video</LI>\r\n<LI>62 articles</LI>\r\n<LI>499 downloadable resources</LI>\r\n<LI>Full lifetime access</LI>\r\n<LI>Access on mobile and TV</LI>\r\n<LI>Certificate of completion</LI>\r\n</UL>', 1), (31, 'Make a Responsive Portfolio Website: JavaScript and HTML', 'Use JavaScript and HTML to create the ultimate responsive portfolio website from scratch!', '52', b'1', '<UL>\r\n<LI>Learn how to write code which is readable and understandable</LI>\r\n<LI>Learn about key principles, rules and concepts that allow you to write clean code</LI>\r\n<LI>Assemble reusable boilerplates for your own Typescript projects</LI>\r\n</UL>', '<UL>\r\n<LI>Welcome</LI>\r\n<LI>Installing and Exploring </LI>\r\n<LI>Updating Documents</LI>\r\n<LI>Deleting Documents</LI>\r\n</UL>', '<UL>\r\n<LI>Module Introduction</LI>\r\n<LI>Wrap Up</LI>\r\n<LI>Useful Resources</LI>\r\n</UL>', '<p>\r\n<b>Course Last Updated for React v16.6.3 and Redux v4.0.1!  All content is brand new!  Update \r\nincludes detailed videos on the new React Hooks system.</b><br>\r\nCongratulations!  You\'ve found the most <b>popular</b>, most <b>complete</b>, and most \r\n<b>up-to-date</b> resource online for learning React and Redux!\r\n</p>', 'Very good course. Well explained for what i would consider a rather profoundly hard subject', 5, 155000, '<UL>\r\n<LI>43 hours on-demand video</LI>\r\n<LI>25 articles</LI>\r\n<LI>15 downloadable resources</LI>\r\n<LI>Full lifetime access</LI>\r\n<LI>Access on mobile and TV</LI>\r\n<LI>Certificate of completion</LI>\r\n</UL>', 1), (32, '*NEW* JavaScript Complete Grandmaster 2021. Ongoing Updates.', 'Beginner to Advanced. Proven hands on teaching method. Comprehensive. Practical & current. Everything you need to know.', '40', b'1', '<UL>\r\n<LI>Use TypeScript and its Features like Types, ES6 Support, Classes, Modules, Interfaces and much more in any of their Projects</LI>\r\n<LI>Why TypeScript offers a real advantage over vanilla JavaScript</LI>\r\n<LI>Learn TypeScript both in theory as well as applied to real use-cases and projects</LI>\r\n</UL>', '<UL>\r\n<LI>The Basics of MicroFontends</LI>\r\n<LI>The Basics of Mudule Federation</LI>\r\n<LI>Advatage tips</LI>\r\n<LI>Performance Considerations</LI>\r\n<LI>Decorators</LI>\r\n</UL>', '<UL>\r\n<LI>The New Version Of The Course Is Here</LI>\r\n<LI>Will I Get A Job</LI>\r\n<LI>Joining The Community Chat</LI>\r\n</UL>', '<p>\r\nThis is a front to back JavaScript course for <b>absolutely everybody</b>.\r\nWe start with the basic fundamentals and \r\nwork our way to advanced programming WITHOUT relying on frameworks or libraries at all. \r\nYou will learn a ton of pure JavaScript,\r\nwhether you are a beginner or an established JS programmer. \r\nThere is something for everyone...\r\n</p>', 'Yes, learning the basics at a very good pace and with very good explanantions.', 5, 234000, '<UL>\r\n<LI>12.5 hours on-demand video</LI>\r\n<LI>25 articles</LI>\r\n<LI>187 downloadable resources</LI>\r\n</UL>', 1), (33, 'Mega CSS Animation Course : 30 Projects Included', 'Learn CSS Animation with unique projects (10 hover Effects ,10 Loader Animations, Character Animations and many more)', '37', b'1', '<UL>\r\n<LI>Integrate Typescript into React/Redux or Express projects</LI>\r\n<LI>Write reusable code powered by classes and interfaces</LI>\r\n<LI>Assemble reusable boilerplates for your own Typescript projects</LI>\r\n</UL>', '<UL>\r\n<LI>Deployment to Amazon Web Services</LI>\r\n<LI>Handling CSS in Microfontends</LI>\r\n<LI>Learning Unique HTML Elements</LI>\r\n<LI>Learning All About CSS Transitions</LI>\r\n</UL>', '<UL>\r\n<LI>Setting Up For The Course</LI>\r\n<LI>OPTIONAL: MAC/LINUX Setup</LI>\r\n<LI>Developer Tools + Github Pages</LI>\r\n</UL>', '<p>\r\nAs a developer, you should be able to write code which works - of course!<br>\r\nUnfortunately, a lot of developers <b>write bad code nonetheless</b> - even though the code works. Because\r\n<b>\"working code\" is not the same as \"clean code\"!</b><br>\r\n<b>This course teaches you how to write clean code - code which is easy to read and understand by humans, not just computers!</b><br>\r\nIn this course, you\'ll learn what exactly clean code is and, more importantly, \r\nhow you can write clean code. Because if your code is written in a clean way, \r\nit\'s easier to read and understand and therefore easier to maintain.\r\n</p>', 'It was a very informative course. I, even as a beginner, was able to understand the topics so well. It was detailed and explained very beautifully. Thank you.', 4, 123000, '<UL>\r\n<LI>34 hours on-demand video</LI>\r\n<LI>25 articles</LI>\r\n<LI>15 downloadable resources</LI>\r\n<LI>Full lifetime access</LI>\r\n<LI>Access on mobile and TV</LI>\r\n<LI>Certificate of completion</LI>\r\n</UL>', 2), (34, 'Learn DOM manipulation with easy modern JavaScript', 'Learn the Document Object Model fundamentals by building an interactive game with plain HTML, DOM and modern JavaScript.', '47', b'1', '<UL>\r\n<LI>Understanding How the Web Works</LI>\r\n<LI>Learning Practical HTML Elements and CSS Properties</LI>\r\n<LI>Learning Unique HTML Elements</LI>\r\n<LI>Learning All About CSS Transitions</LI>\r\n</UL>', '<UL>\r\n<LI>Introduction & Setup</LI>\r\n<LI>Vue Basics</LI>\r\n<LI>Async Code</LI>\r\n<LI>The Composition API</LI>\r\n</UL>', '<UL>\r\n<LI>Caching in Action</LI>\r\n<LI>Caching Issues</LI>\r\n<LI>Restoring Blog Routes Handler</LI>\r\n</UL>', '<p>\r\n<b>Join the most comprehensive Node.js course on Udemy and learn Node in both a practical\r\n as well as theory-based way!</b>\r\n</p>', 'This course is amazing for anyone who wants to understand the weird syntax of any Javascript framework! It even includes a whole section on building one\'s own framework with the knowledge covered in previous chapters. I have been craving for someone to tell me why something that happens in Javascript happens the way it does and this course was the answer!! There is some material that is old but the well organized nature of this course helps you understand the language and its mysterious syntax. For everything else, there\'s Google!', 4, 170000, '<UL>\r\n<LI>33.5 hours on-demand video</LI>\r\n<LI>41 articles</LI>\r\n<LI>149 downloadable resources</LI>\r\n<LI>Full lifetime access</LI>\r\n<LI>Access on mobile and TV</LI>\r\n<LI>Certificate of completion</LI>\r\n</UL>', 2), (35, 'Sass Course For Beginners: Learn Sass & SCSS From Scratch', 'Learn Sass & SCSS from scratch, learn how to use Sass to create clean, efficient & reusable designs.', '30', b'1', '<UL>\r\n<LI>Master design patterns for building large applications</LI>\r\n<LI>Understand Composition vs Inheritance, and when to use each</LI>\r\n<LI>Assemble reusable boilerplates for your own Typescript projects</LI>\r\n</UL>', '<UL>\r\n<LI>Beinger</LI>\r\n<LI>Vue Basics</LI>\r\n<LI>Async Code</LI>\r\n<LI>The Composition API</LI>\r\n</UL>', '<UL>\r\n<LI>Module Introduction</LI>\r\n<LI>Wrap Up</LI>\r\n<LI>Useful Resources</LI>\r\n</UL>', '<p>\r\n<b>Learn one of the most important Languages in Web Development - from scratch in a fast-paced fashion!</b><br>\r\navaScript is one of the <b>most important</b> parts of every modern, reactive, user-friendly Web Pages or Applications. Despite that fact, you might yourself know many tutorials which leave you with a lot of open questions or are good, \r\nbut also a couple of years old!\r\n</p>', 'Well I was looking for a course which do have react with typescript, but there isn’t much content available on internet. This course definitely serves the purpose of learning react in typescript. So far I have completed just one section, but seems like a good one. Will update this review later after completing this course.', 5, 155000, '<UL>\r\n<LI>43 hours on-demand video</LI>\r\n<LI>25 articles</LI>\r\n<LI>15 downloadable resources</LI>\r\n<LI>Full lifetime access</LI>\r\n<LI>Access on mobile and TV</LI>\r\n<LI>Certificate of completion</LI>\r\n</UL>', 2), (36, 'Professional CSS Flexbox', 'Learn how to build Web and Mobile Application Interfaces for the modern world!', '52', b'1', '<UL>\r\n<LI>Integrate Typescript into React/Redux or Express projects</LI>\r\n<LI>Write reusable code powered by classes and interfaces</LI>\r\n<LI>Assemble reusable boilerplates for your own Typescript projects</LI>\r\n</UL>', '<UL>\r\n<LI>Introduction</LI>\r\n<LI>Visual Studio Code and Course </LI>\r\n<LI>DOM</LI>\r\n<LI>DOM Projects</LI>\r\n</UL>', '<UL>\r\n<LI>How to Get Help</LI>\r\n<LI>The Node Event Loop</LI>\r\n<LI>Is Node Single Threads</LI>\r\n</UL>', '<p>\r\n<b>Join the most comprehensive Node.js course on Udemy and learn Node in both a practical\r\n as well as theory-based way!</b>\r\n</p>', 'Very good course. Well explained for what i would consider a rather profoundly hard subject', 5, 234000, '<UL>\r\n<LI>55 hours on-demand video</LI>\r\n<LI>35 articles</LI>\r\n<LI>27 downloadable resources</LI>\r\n<LI>Full lifetime access</LI>\r\n<LI>Access on mobile and TV</LI>\r\n<LI>Certificate of completion</LI>\r\n</UL>', 2), (37, 'HTML/CSS Bootcamp - Learn HTML, CSS, Flexbox, and CSS Grid', 'Learn HTML, CSS, Flexbox, and CSS Grid by building a professional website with modern front end development techniques.', '37', b'1', '<UL>\r\n<LI>Real World Backend RESTful API For Bootcamp Directory App</LI>\r\n<LI>Advanced Mongoose Queries</LI>\r\n<LI>JWT/Cookie Authentication</LI>\r\n<LI>API Documentation & Deployment</LI>\r\n</UL>', '<UL>\r\n<LI>Introduction & Setup</LI>\r\n<LI>Vue Basics</LI>\r\n<LI>Async Code</LI>\r\n<LI>The Composition API</LI>\r\n</UL>', '<UL>\r\n<LI>Setting Up For The Course</LI>\r\n<LI>OPTIONAL: MAC/LINUX Setup</LI>\r\n<LI>Developer Tools + Github Pages</LI>\r\n</UL>', '<p>\r\nAs a developer, you should be able to write code which works - of course!<br>\r\nUnfortunately, a lot of developers <b>write bad code nonetheless</b> - even though the code works. Because\r\n<b>\"working code\" is not the same as \"clean code\"!</b><br>\r\n<b>This course teaches you how to write clean code - code which is easy to read and understand by humans, not just computers!</b><br>\r\nIn this course, you\'ll learn what exactly clean code is and, more importantly, \r\nhow you can write clean code. Because if your code is written in a clean way, \r\nit\'s easier to read and understand and therefore easier to maintain.\r\n</p>', 'It was a very informative course. I, even as a beginner, was able to understand the topics so well. It was detailed and explained very beautifully. Thank you.', 4, 123000, '<UL>\r\n<LI>34 hours on-demand video</LI>\r\n<LI>25 articles</LI>\r\n<LI>15 downloadable resources</LI>\r\n<LI>Full lifetime access</LI>\r\n<LI>Access on mobile and TV</LI>\r\n<LI>Certificate of completion</LI>\r\n</UL>', 2), (38, 'Projects in CSS', 'Learn Professional CSS Development Techniques Building Projects', '47', b'1', '<UL>\r\n<LI>Write solid, good Javascript code</LI>\r\n<LI>Drastically improve your ability to debug problems in Javascript.</LI>\r\n<LI>Understand the source code of popular Javascript frameworks</LI>\r\n</UL>', '<UL>\r\n<LI>Deployment to Amazon Web Services</LI>\r\n<LI>Handling CSS in Microfontends</LI>\r\n<LI>Learning Unique HTML Elements</LI>\r\n<LI>Learning All About CSS Transitions</LI>\r\n</UL>', '<UL>\r\n<LI>Caching in Action</LI>\r\n<LI>Caching Issues</LI>\r\n<LI>Restoring Blog Routes Handler</LI>\r\n</UL>', '<p>\r\n<b>Join the most comprehensive Node.js course on Udemy and learn Node in both a practical\r\n as well as theory-based way!</b>\r\n</p>', 'Well I was looking for a course which do have react with typescript, but there isn’t much content available on internet. This course definitely serves the purpose of learning react in typescript. So far I have completed just one section, but seems like a good one. Will update this review later after completing this course.', 5, 234000, '<UL>\r\n<LI>43 hours on-demand video</LI>\r\n<LI>25 articles</LI>\r\n<LI>15 downloadable resources</LI>\r\n<LI>Full lifetime access</LI>\r\n<LI>Access on mobile and TV</LI>\r\n<LI>Certificate of completion</LI>\r\n</UL>', 2), (39, 'The Complete React Js & Redux Course - Build Modern Web Apps', 'Go from Beginner to React Js Expert by building an Instagram Like Web App with React 16, React Router, Redux & Firebase!', '30', b'1', '<UL>\r\n<LI>Understanding How the Web Works</LI>\r\n<LI>Learning Practical HTML Elements and CSS Properties</LI>\r\n<LI>Learning Unique HTML Elements</LI>\r\n<LI>Learning All About CSS Transitions</LI>\r\n</UL>', '<UL>\r\n<LI>Introduction & Setup</LI>\r\n<LI>Vue Basics</LI>\r\n<LI>Async Code</LI>\r\n<LI>The Composition API</LI>\r\n</UL>', '<UL>\r\n<LI>Module Introduction</LI>\r\n<LI>Wrap Up</LI>\r\n<LI>Useful Resources</LI>\r\n</UL>', '<p>\r\nThis is a front to back JavaScript course for <b>absolutely everybody</b>.\r\nWe start with the basic fundamentals and \r\nwork our way to advanced programming WITHOUT relying on frameworks or libraries at all. \r\nYou will learn a ton of pure JavaScript,\r\nwhether you are a beginner or an established JS programmer. \r\nThere is something for everyone...\r\n</p>', 'Yes, learning the basics at a very good pace and with very good explanantions.', 5, 123000, '<UL>\r\n<LI>60 hours on-demand video</LI>\r\n<LI>72 articles</LI>\r\n<LI>27 downloadable resources</LI>\r\n<LI>Full lifetime access</LI>\r\n<LI>Access on mobile and TV</LI>\r\n<LI>Certificate of completion</LI>\r\n</UL>', 3), (40, 'Full-Stack React, Python, and GraphQL', 'Develop impressive, rich full-stack apps with the latest and greatest features of Python, React and GraphQL', '47', b'1', '<UL>\r\n<LI>Learn how to write code which is readable and understandable</LI>\r\n<LI>Learn about key principles, rules and concepts that allow you to write clean code</LI>\r\n<LI>Assemble reusable boilerplates for your own Typescript projects</LI>\r\n</UL>', '<UL>\r\n<LI>Introduction</LI>\r\n<LI>Visual Studio Code and Course </LI>\r\n<LI>DOM</LI>\r\n<LI>DOM Projects</LI>\r\n</UL>', '<UL>\r\n<LI>The New Version Of The Course Is Here</LI>\r\n<LI>Will I Get A Job</LI>\r\n<LI>Joining The Community Chat</LI>\r\n</UL>', '<p>\r\n<b>Course Last Updated for React v16.6.3 and Redux v4.0.1!  All content is brand new!  Update \r\nincludes detailed videos on the new React Hooks system.</b><br>\r\nCongratulations!  You\'ve found the most <b>popular</b>, most <b>complete</b>, and most \r\n<b>up-to-date</b> resource online for learning React and Redux!\r\n</p>', 'This course is amazing for anyone who wants to understand the weird syntax of any Javascript framework! It even includes a whole section on building one\'s own framework with the knowledge covered in previous chapters. I have been craving for someone to tell me why something that happens in Javascript happens the way it does and this course was the answer!! There is some material that is old but the well organized nature of this course helps you understand the language and its mysterious syntax. For everything else, there\'s Google!', 4, 155000, '<UL>\r\n<LI>12.5 hours on-demand video</LI>\r\n<LI>25 articles</LI>\r\n<LI>187 downloadable resources</LI>\r\n</UL>', 3), (41, 'Master Full-Stack Web Development | Node, SQL, React, & More', 'Build a fullstack project with Node.js, PostgreSQL, SQL, React, Redux and more! Covers APIs, authentication, and beyond!', '40', b'1', '<UL>\r\n<LI>Use TypeScript and its Features like Types, ES6 Support, Classes, Modules, Interfaces and much more in any of their Projects</LI>\r\n<LI>Why TypeScript offers a real advantage over vanilla JavaScript</LI>\r\n<LI>Learn TypeScript both in theory as well as applied to real use-cases and projects</LI>\r\n</UL>', '<UL>\r\n<LI>Introduction & Setup</LI>\r\n<LI>Vue Basics</LI>\r\n<LI>Async Code</LI>\r\n<LI>The Composition API</LI>\r\n</UL>', '<UL>\r\n<LI>Introduction</LI>\r\n<LI>How to Execute Javascript</LI>\r\n<LI>Course Format</LI>\r\n</UL>', '<p>\r\n<b>Join the most comprehensive Node.js course on Udemy and learn Node in both a practical\r\n as well as theory-based way!</b>\r\n</p>', 'Very good course. Well explained for what i would consider a rather profoundly hard subject', 5, 171000, '<UL>\r\n<LI>34 hours on-demand video</LI>\r\n<LI>25 articles</LI>\r\n<LI>15 downloadable resources</LI>\r\n<LI>Full lifetime access</LI>\r\n<LI>Access on mobile and TV</LI>\r\n<LI>Certificate of completion</LI>\r\n</UL>', 3), (42, 'React js. From the beginning. w/ Redux and React Router', 'Learn React from the beginning! Including React Router, redux, hooks, context, front-end Stripe & a big project', '52', b'1', '<UL>\r\n<LI>Real World Backend RESTful API For Bootcamp Directory App</LI>\r\n<LI>Advanced Mongoose Queries</LI>\r\n<LI>JWT/Cookie Authentication</LI>\r\n<LI>API Documentation & Deployment</LI>\r\n</UL>', '<UL>\r\n<LI>Getting Started</LI>\r\n<LI>Calsses & Interfaces</LI>\r\n<LI>Modules & Namespaces</LI>\r\n<LI>Advanced Types</LI>\r\n<LI>Decorators</LI>\r\n</UL>', '<UL>\r\n<LI>How to Get Help</LI>\r\n<LI>The Node Event Loop</LI>\r\n<LI>Is Node Single Threads</LI>\r\n</UL>', '<p>\r\n<b>Learn one of the most important Languages in Web Development - from scratch in a fast-paced fashion!</b><br>\r\navaScript is one of the <b>most important</b> parts of every modern, reactive, user-friendly Web Pages or Applications. Despite that fact, you might yourself know many tutorials which leave you with a lot of open questions or are good, \r\nbut also a couple of years old!\r\n</p>', 'Extremely grateful for Stephen\'s courses, he\'s a wonderful instructor who explains the topics well in great detail. Love how he goes into why things work the way they do instead of brushing over it like it is what is. Showing the wrong way before showing the correct way is something I appreciate a lot as that helps in building good understanding of the topic.', 5, 164000, '<UL>\r\n<LI>55 hours on-demand video</LI>\r\n<LI>35 articles</LI>\r\n<LI>27 downloadable resources</LI>\r\n<LI>Full lifetime access</LI>\r\n<LI>Access on mobile and TV</LI>\r\n<LI>Certificate of completion</LI>\r\n</UL>', 3);
INSERT INTO `courses` VALUES (43, '2021 Complete Python Bootcamp From Zero to Hero in Python', 'Learn Python like a Professional Start from the basics and go all the way to creating your own applications and games', '45', b'1', '<UL>\r\n<LI>Understanding How the Web Works</LI>\r\n<LI>Learning Practical HTML Elements and CSS Properties</LI>\r\n<LI>Learning Unique HTML Elements</LI>\r\n<LI>Learning All About CSS Transitions</LI>\r\n</UL>', '<UL>\r\n<LI>Introduction</LI>\r\n<LI>Visual Studio Code and Course </LI>\r\n<LI>DOM</LI>\r\n<LI>DOM Projects</LI>\r\n</UL>', '<UL>\r\n<LI>What Matters In This Section</LI>\r\n<LI>Introducing Arrays</LI>\r\n<LI>Slice & Splice</LI>\r\n</UL>', '<p>\r\n<b>Join the most comprehensive Node.js course on Udemy and learn Node in both a practical\r\n as well as theory-based way!</b>\r\n</p>', 'Well I was looking for a course which do have react with typescript, but there isn’t much content available on internet. This course definitely serves the purpose of learning react in typescript. So far I have completed just one section, but seems like a good one. Will update this review later after completing this course.', 4, 155000, '<UL>\r\n<LI>33.5 hours on-demand video</LI>\r\n<LI>41 articles</LI>\r\n<LI>149 downloadable resources</LI>\r\n<LI>Full lifetime access</LI>\r\n<LI>Access on mobile and TV</LI>\r\n<LI>Certificate of completion</LI>\r\n</UL>', 5), (44, 'Machine Learning A-Z™: Hands-On Python & R In Data Science', 'Learn to create Machine Learning Algorithms in Python and R from two Data Science experts. Code templates included.', '50', b'1', '<UL>\r\n<LI>Become job-ready by understanding how JavaScript really works behind the scenes</LI>\r\n<LI>Get downloadable lectures and friendly support in the Q&A area</LI>\r\n<LI>Design your unique learning path according to your goals: course pathways</LI>\r\n</UL>', '<UL>\r\n<LI>The Basics of MicroFontends</LI>\r\n<LI>The Basics of Mudule Federation</LI>\r\n<LI>Advatage tips</LI>\r\n<LI>Performance Considerations</LI>\r\n<LI>Decorators</LI>\r\n</UL>', '<UL>\r\n<LI>Module Introduction</LI>\r\n<LI>Wrap Up</LI>\r\n<LI>Useful Resources</LI>\r\n</UL>', '<p>\r\nAs a developer, you should be able to write code which works - of course!<br>\r\nUnfortunately, a lot of developers <b>write bad code nonetheless</b> - even though the code works. Because\r\n<b>\"working code\" is not the same as \"clean code\"!</b><br>\r\n<b>This course teaches you how to write clean code - code which is easy to read and understand by humans, not just computers!</b><br>\r\nIn this course, you\'ll learn what exactly clean code is and, more importantly, \r\nhow you can write clean code. Because if your code is written in a clean way, \r\nit\'s easier to read and understand and therefore easier to maintain.\r\n</p>', 'It was a very informative course. I, even as a beginner, was able to understand the topics so well. It was detailed and explained very beautifully. Thank you.', 5, 234000, '<UL>\r\n<LI>43 hours on-demand video</LI>\r\n<LI>25 articles</LI>\r\n<LI>15 downloadable resources</LI>\r\n<LI>Full lifetime access</LI>\r\n<LI>Access on mobile and TV</LI>\r\n<LI>Certificate of completion</LI>\r\n</UL>', 5), (45, 'Python for Data Science and Machine Learning Bootcamp', 'Learn how to use NumPy, Pandas, Seaborn , Matplotlib , Plotly , Scikit-Learn , Machine Learning, Tensorflow , and more!', '30', b'1', '<UL>\r\n<LI>Real World Backend RESTful API For Bootcamp Directory App</LI>\r\n<LI>Advanced Mongoose Queries</LI>\r\n<LI>JWT/Cookie Authentication</LI>\r\n<LI>API Documentation & Deployment</LI>\r\n</UL>', '<UL>\r\n<LI>Deployment to Amazon Web Services</LI>\r\n<LI>Handling CSS in Microfontends</LI>\r\n<LI>Learning Unique HTML Elements</LI>\r\n<LI>Learning All About CSS Transitions</LI>\r\n</UL>', '<UL>\r\n<LI>Begin</LI>\r\n<LI>Help</LI>\r\n<LI>Push</LI>\r\n</UL>', '<p>\r\nThis is a front to back JavaScript course for <b>absolutely everybody</b>.\r\nWe start with the basic fundamentals and \r\nwork our way to advanced programming WITHOUT relying on frameworks or libraries at all. \r\nYou will learn a ton of pure JavaScript,\r\nwhether you are a beginner or an established JS programmer. \r\nThere is something for everyone...\r\n</p>', 'A really amazing node course, very important for strengthening your node skills, expanding your knowledge, and improving the projects to a really high degree of security instead of just making solutions. Node Performance, Redis Caching, Headless Testing, CI (Continuous Integration), Scalable File Upload, it\'s all here', 5, 123000, '<UL>\r\n<LI>40.5 hours on-demand video</LI>\r\n<LI>62 articles</LI>\r\n<LI>499 downloadable resources</LI>\r\n<LI>Full lifetime access</LI>\r\n<LI>Access on mobile and TV</LI>\r\n<LI>Certificate of completion</LI>\r\n</UL>', 5), (46, 'Automate the Boring Stuff with Python Programming', 'A practical programming course for office workers, academics, and administrators who want to improve their productivity.', '42', b'1', '<UL>\r\n<LI>Write solid, good Javascript code</LI>\r\n<LI>Drastically improve your ability to debug problems in Javascript.</LI>\r\n<LI>Understand the source code of popular Javascript frameworks</LI>\r\n</UL>', '<UL>\r\n<LI>The Basics of MicroFontends</LI>\r\n<LI>The Basics of Mudule Federation</LI>\r\n<LI>Advatage tips</LI>\r\n<LI>Performance Considerations</LI>\r\n<LI>Decorators</LI>\r\n</UL>', '<UL>\r\n<LI>Setting Up For The Course</LI>\r\n<LI>OPTIONAL: MAC/LINUX Setup</LI>\r\n<LI>Developer Tools + Github Pages</LI>\r\n</UL>', '<p>\r\n<b>Course Last Updated for React v16.6.3 and Redux v4.0.1!  All content is brand new!  Update \r\nincludes detailed videos on the new React Hooks system.</b><br>\r\nCongratulations!  You\'ve found the most <b>popular</b>, most <b>complete</b>, and most \r\n<b>up-to-date</b> resource online for learning React and Redux!\r\n</p>', 'Extremely grateful for Stephen\'s courses, he\'s a wonderful instructor who explains the topics well in great detail. Love how he goes into why things work the way they do instead of brushing over it like it is what is. Showing the wrong way before showing the correct way is something I appreciate a lot as that helps in building good understanding of the topic.', 5, 170000, '<UL>\r\n<LI>34 hours on-demand video</LI>\r\n<LI>25 articles</LI>\r\n<LI>15 downloadable resources</LI>\r\n<LI>Full lifetime access</LI>\r\n<LI>Access on mobile and TV</LI>\r\n<LI>Certificate of completion</LI>\r\n</UL>', 5), (47, 'Learn Python Programming Masterclass', 'This Python For Beginners Course Teaches You The Python Language Fast. Includes Python Online Training With Python 3', '52', b'1', '<UL>\r\n<LI>Use TypeScript and its Features like Types, ES6 Support, Classes, Modules, Interfaces and much more in any of their Projects</LI>\r\n<LI>Why TypeScript offers a real advantage over vanilla JavaScript</LI>\r\n<LI>Learn TypeScript both in theory as well as applied to real use-cases and projects</LI>\r\n</UL>', '<UL>\r\n<LI>Introduction</LI>\r\n<LI>Visual Studio Code and Course </LI>\r\n<LI>DOM</LI>\r\n<LI>DOM Projects</LI>\r\n</UL>', '<UL>\r\n<LI>Caching in Action</LI>\r\n<LI>Caching Issues</LI>\r\n<LI>Restoring Blog Routes Handler</LI>\r\n</UL>', '<p>\r\n<b>Join the most comprehensive Node.js course on Udemy and learn Node in both a practical\r\n as well as theory-based way!</b>\r\n</p>', 'Yes, learning the basics at a very good pace and with very good explanantions.', 5, 155000, '<UL>\r\n<LI>12.5 hours on-demand video</LI>\r\n<LI>25 articles</LI>\r\n<LI>187 downloadable resources</LI>\r\n</UL>', 5), (48, 'The Python Mega Course: Build 10 Real World Applications', 'A complete practical Python course for both beginners & intermediates! Master Python 3 by making 10 amazing Python apps.', '45', b'1', '<UL>\r\n<LI>Real World Backend RESTful API For Bootcamp Directory App</LI>\r\n<LI>Advanced Mongoose Queries</LI>\r\n<LI>JWT/Cookie Authentication</LI>\r\n<LI>API Documentation & Deployment</LI>\r\n</UL>', '<UL>\r\n<LI>Beinger</LI>\r\n<LI>Vue Basics</LI>\r\n<LI>Async Code</LI>\r\n<LI>The Composition API</LI>\r\n</UL>', '<UL>\r\n<LI>Module Introduction</LI>\r\n<LI>Wrap Up</LI>\r\n<LI>Useful Resources</LI>\r\n</UL>', '<p>\r\n<b>Learn one of the most important Languages in Web Development - from scratch in a fast-paced fashion!</b><br>\r\navaScript is one of the <b>most important</b> parts of every modern, reactive, user-friendly Web Pages or Applications. Despite that fact, you might yourself know many tutorials which leave you with a lot of open questions or are good, \r\nbut also a couple of years old!\r\n</p>', 'It was a very informative course. I, even as a beginner, was able to understand the topics so well. It was detailed and explained very beautifully. Thank you.', 3, 171000, '<UL>\r\n<LI>43 hours on-demand video</LI>\r\n<LI>25 articles</LI>\r\n<LI>15 downloadable resources</LI>\r\n<LI>Full lifetime access</LI>\r\n<LI>Access on mobile and TV</LI>\r\n<LI>Certificate of completion</LI>\r\n</UL>', 5), (49, 'Python and Django Full Stack Web Developer Bootcamp', 'Learn to build websites with HTML , CSS , Bootstrap , Javascript , jQuery , Python 3 , and Django!', '37', b'1', '<UL>\r\n<LI>Become job-ready by understanding how JavaScript really works behind the scenes</LI>\r\n<LI>Get downloadable lectures and friendly support in the Q&A area</LI>\r\n<LI>Design your unique learning path according to your goals: course pathways</LI>\r\n</UL>', '<UL>\r\n<LI>Introduction & Setup</LI>\r\n<LI>Vue Basics</LI>\r\n<LI>Async Code</LI>\r\n<LI>The Composition API</LI>\r\n</UL>', '<UL>\r\n<LI>Begin</LI>\r\n<LI>Help</LI>\r\n<LI>Push</LI>\r\n</UL>', '<p>\r\nAs a developer, you should be able to write code which works - of course!<br>\r\nUnfortunately, a lot of developers <b>write bad code nonetheless</b> - even though the code works. Because\r\n<b>\"working code\" is not the same as \"clean code\"!</b><br>\r\n<b>This course teaches you how to write clean code - code which is easy to read and understand by humans, not just computers!</b><br>\r\nIn this course, you\'ll learn what exactly clean code is and, more importantly, \r\nhow you can write clean code. Because if your code is written in a clean way, \r\nit\'s easier to read and understand and therefore easier to maintain.\r\n</p>', 'Extremely grateful for Stephen\'s courses, he\'s a wonderful instructor who explains the topics well in great detail. Love how he goes into why things work the way they do instead of brushing over it like it is what is. Showing the wrong way before showing the correct way is something I appreciate a lot as that helps in building good understanding of the topic.', 4, 234000, '<UL>\r\n<LI>34 hours on-demand video</LI>\r\n<LI>25 articles</LI>\r\n<LI>15 downloadable resources</LI>\r\n<LI>Full lifetime access</LI>\r\n<LI>Access on mobile and TV</LI>\r\n<LI>Certificate of completion</LI>\r\n</UL>', 5), (50, 'The Python Bible™ | Everything You Need to Program in Python', 'Build 11 Projects and go from Beginner to Pro in Python with the World\'s Most Fun Project-Based Python Course!\r\n', '52', b'1', '<UL>\r\n<LI>Integrate Typescript into React/Redux or Express projects</LI>\r\n<LI>Write reusable code powered by classes and interfaces</LI>\r\n<LI>Assemble reusable boilerplates for your own Typescript projects</LI>\r\n</UL>', '<UL>\r\n<LI>Welcome</LI>\r\n<LI>Installing and Exploring </LI>\r\n<LI>Updating Documents</LI>\r\n<LI>Deleting Documents</LI>\r\n</UL>', '<UL>\r\n<LI>Setting Up For The Course</LI>\r\n<LI>OPTIONAL: MAC/LINUX Setup</LI>\r\n<LI>Developer Tools + Github Pages</LI>\r\n</UL>', '<p>\r\n<b>Course Last Updated for React v16.6.3 and Redux v4.0.1!  All content is brand new!  Update \r\nincludes detailed videos on the new React Hooks system.</b><br>\r\nCongratulations!  You\'ve found the most <b>popular</b>, most <b>complete</b>, and most \r\n<b>up-to-date</b> resource online for learning React and Redux!\r\n</p>', 'Yes, learning the basics at a very good pace and with very good explanantions.', 5, 155000, '<UL>\r\n<LI>55 hours on-demand video</LI>\r\n<LI>35 articles</LI>\r\n<LI>27 downloadable resources</LI>\r\n<LI>Full lifetime access</LI>\r\n<LI>Access on mobile and TV</LI>\r\n<LI>Certificate of completion</LI>\r\n</UL>', 5), (51, 'Complete Python Developer in 2021: Zero to Mastery', 'How to become a Python 3 Developer and get hired! Build 12+ projects, learn Web Development, Machine Learning + more!', '50', b'1', '<UL>\r\n<LI>Become job-ready by understanding how JavaScript really works behind the scenes</LI>\r\n<LI>Get downloadable lectures and friendly support in the Q&A area</LI>\r\n<LI>Design your unique learning path according to your goals: course pathways</LI>\r\n</UL>', '<UL>\r\n<LI>Introduction</LI>\r\n<LI>Visual Studio Code and Course </LI>\r\n<LI>DOM</LI>\r\n<LI>DOM Projects</LI>\r\n</UL>', '<UL>\r\n<LI>What Matters In This Section</LI>\r\n<LI>Introducing Arrays</LI>\r\n<LI>Slice & Splice</LI>\r\n</UL>', '<p>\r\nThis is a front to back JavaScript course for <b>absolutely everybody</b>.\r\nWe start with the basic fundamentals and \r\nwork our way to advanced programming WITHOUT relying on frameworks or libraries at all. \r\nYou will learn a ton of pure JavaScript,\r\nwhether you are a beginner or an established JS programmer. \r\nThere is something for everyone...\r\n</p>', 'It was a very informative course. I, even as a beginner, was able to understand the topics so well. It was detailed and explained very beautifully. Thank you.', 5, 164000, '<UL>\r\n<LI>34 hours on-demand video</LI>\r\n<LI>25 articles</LI>\r\n<LI>15 downloadable resources</LI>\r\n<LI>Full lifetime access</LI>\r\n<LI>Access on mobile and TV</LI>\r\n<LI>Certificate of completion</LI>\r\n</UL>', 5), (52, 'The Complete Python 3 Course: Beginner to Advanced!', 'Learn Python with projects covering game & web development, web scraping, MongoDB, Django, PyQt, and data visualization!', '40', b'1', '<UL>\r\n<LI>Write solid, good Javascript code</LI>\r\n<LI>Drastically improve your ability to debug problems in Javascript.</LI>\r\n<LI>Understand the source code of popular Javascript frameworks</LI>\r\n</UL>', '<UL>\r\n<LI>Welcome</LI>\r\n<LI>Installing and Exploring </LI>\r\n<LI>Updating Documents</LI>\r\n<LI>Deleting Documents</LI>\r\n</UL>', '<UL>\r\n<LI>Introduction</LI>\r\n<LI>How to Execute Javascript</LI>\r\n<LI>Course Format</LI>\r\n</UL>', '<p>\r\nAs a developer, you should be able to write code which works - of course!<br>\r\nUnfortunately, a lot of developers <b>write bad code nonetheless</b> - even though the code works. Because\r\n<b>\"working code\" is not the same as \"clean code\"!</b><br>\r\n<b>This course teaches you how to write clean code - code which is easy to read and understand by humans, not just computers!</b><br>\r\nIn this course, you\'ll learn what exactly clean code is and, more importantly, \r\nhow you can write clean code. Because if your code is written in a clean way, \r\nit\'s easier to read and understand and therefore easier to maintain.\r\n</p>', 'Great course! Now I fully understand how React/Redux is rendered on the server and interacts with the client. I can take advantage of both SSR/SPA and apply it to a micro service setup (also from Stephen) with many small dedicated front-end SPA services - backed up with SSR. Lots of potential to scale well.', 5, 120000, '<UL>\r\n<LI>60 hours on-demand video</LI>\r\n<LI>72 articles</LI>\r\n<LI>27 downloadable resources</LI>\r\n<LI>Full lifetime access</LI>\r\n<LI>Access on mobile and TV</LI>\r\n<LI>Certificate of completion</LI>\r\n</UL>', 5), (53, 'The Complete Node.js Developer Course (3rd Edition)', 'Learn Node.js by building real-world applications with Node, Express, MongoDB, Jest, and more!\r\n', '45', b'1', '<UL>\r\n<LI>Master design patterns for building large applications</LI>\r\n<LI>Understand Composition vs Inheritance, and when to use each</LI>\r\n<LI>Assemble reusable boilerplates for your own Typescript projects</LI>\r\n</UL>', '<UL>\r\n<LI>Beinger</LI>\r\n<LI>Vue Basics</LI>\r\n<LI>Async Code</LI>\r\n<LI>The Composition API</LI>\r\n</UL>', '<UL>\r\n<LI>What Matters In This Section</LI>\r\n<LI>Introducing Arrays</LI>\r\n<LI>Slice & Splice</LI>\r\n</UL>', '<p>\r\n<b>Join the most comprehensive Node.js course on Udemy and learn Node in both a practical\r\n as well as theory-based way!</b>\r\n</p>', 'This course is amazing for anyone who wants to understand the weird syntax of any Javascript framework! It even includes a whole section on building one\'s own framework with the knowledge covered in previous chapters. I have been craving for someone to tell me why something that happens in Javascript happens the way it does and this course was the answer!! There is some material that is old but the well organized nature of this course helps you understand the language and its mysterious syntax. For everything else, there\'s Google!', 4, 171000, '<UL>\r\n<LI>43 hours on-demand video</LI>\r\n<LI>25 articles</LI>\r\n<LI>15 downloadable resources</LI>\r\n<LI>Full lifetime access</LI>\r\n<LI>Access on mobile and TV</LI>\r\n<LI>Certificate of completion</LI>\r\n</UL>', 6), (54, 'Learn and Understand NodeJS', 'Dive deep under the hood of NodeJS. Learn V8, Express, the MEAN stack, core Javascript concepts, and more.', '47', b'1', '<UL>\r\n<LI>Use TypeScript and its Features like Types, ES6 Support, Classes, Modules, Interfaces and much more in any of their Projects</LI>\r\n<LI>Why TypeScript offers a real advantage over vanilla JavaScript</LI>\r\n<LI>Learn TypeScript both in theory as well as applied to real use-cases and projects</LI>\r\n</UL>', '<UL>\r\n<LI>Welcome</LI>\r\n<LI>Installing and Exploring </LI>\r\n<LI>Updating Documents</LI>\r\n<LI>Deleting Documents</LI>\r\n</UL>', '<UL>\r\n<LI>Setting Up For The Course</LI>\r\n<LI>OPTIONAL: MAC/LINUX Setup</LI>\r\n<LI>Developer Tools + Github Pages</LI>\r\n</UL>', '<p>\r\nThis is a front to back JavaScript course for <b>absolutely everybody</b>.\r\nWe start with the basic fundamentals and \r\nwork our way to advanced programming WITHOUT relying on frameworks or libraries at all. \r\nYou will learn a ton of pure JavaScript,\r\nwhether you are a beginner or an established JS programmer. \r\nThere is something for everyone...\r\n</p>', 'A really amazing node course, very important for strengthening your node skills, expanding your knowledge, and improving the projects to a really high degree of security instead of just making solutions. Node Performance, Redis Caching, Headless Testing, CI (Continuous Integration), Scalable File Upload, it\'s all here', 5, 155000, '<UL>\r\n<LI>40.5 hours on-demand video</LI>\r\n<LI>62 articles</LI>\r\n<LI>499 downloadable resources</LI>\r\n<LI>Full lifetime access</LI>\r\n<LI>Access on mobile and TV</LI>\r\n<LI>Certificate of completion</LI>\r\n</UL>', 6), (55, 'Angular & NodeJS - The MEAN Stack Guide [2021 Edition]', 'Learn how to connect your Angular Frontend to a NodeJS & Express & MongoDB Backend by building a real Application', '30', b'1', '<UL>\r\n<LI>Grasp how Javascript works and it\'s fundamental concepts</LI>\r\n<LI>Understand advanced concepts such as closures, prototypal inheritance, IIFEs, and much more.</LI>\r\n<LI>Avoid common pitfalls and mistakes other Javascript coders make</LI>\r\n</UL>', '<UL>\r\n<LI>Introduction & Setup</LI>\r\n<LI>Vue Basics</LI>\r\n<LI>Async Code</LI>\r\n<LI>The Composition API</LI>\r\n</UL>', '<UL>\r\n<LI>How to Get Help</LI>\r\n<LI>The Node Event Loop</LI>\r\n<LI>Is Node Single Threads</LI>\r\n</UL>', '<p>\r\n<b>Course Last Updated for React v16.6.3 and Redux v4.0.1!  All content is brand new!  Update \r\nincludes detailed videos on the new React Hooks system.</b><br>\r\nCongratulations!  You\'ve found the most <b>popular</b>, most <b>complete</b>, and most \r\n<b>up-to-date</b> resource online for learning React and Redux!\r\n</p>', 'Yes, learning the basics at a very good pace and with very good explanantions.', 3, 170000, '<UL>\r\n<LI>34 hours on-demand video</LI>\r\n<LI>25 articles</LI>\r\n<LI>15 downloadable resources</LI>\r\n<LI>Full lifetime access</LI>\r\n<LI>Access on mobile and TV</LI>\r\n<LI>Certificate of completion</LI>\r\n</UL>', 6), (56, 'Node with React: Fullstack Web Development', 'Build and deploy fullstack web apps with NodeJS, React, Redux, Express, and MongoDB.', '50', b'1', '<UL>\r\n<LI>Become job-ready by understanding how JavaScript really works behind the scenes</LI>\r\n<LI>Get downloadable lectures and friendly support in the Q&A area</LI>\r\n<LI>Design your unique learning path according to your goals: course pathways</LI>\r\n</UL>', '<UL>\r\n<LI>Deployment to Amazon Web Services</LI>\r\n<LI>Handling CSS in Microfontends</LI>\r\n<LI>Learning Unique HTML Elements</LI>\r\n<LI>Learning All About CSS Transitions</LI>\r\n</UL>', '<UL>\r\n<LI>What Matters In This Section</LI>\r\n<LI>Introducing Arrays</LI>\r\n<LI>Slice & Splice</LI>\r\n</UL>', '<p>\r\n<b>Join the most comprehensive Node.js course on Udemy and learn Node in both a practical\r\n as well as theory-based way!</b>\r\n</p>', 'Well I was looking for a course which do have react with typescript, but there isn’t much content available on internet. This course definitely serves the purpose of learning react in typescript. So far I have completed just one section, but seems like a good one. Will update this review later after completing this course.', 4, 123000, '<UL>\r\n<LI>33.5 hours on-demand video</LI>\r\n<LI>41 articles</LI>\r\n<LI>149 downloadable resources</LI>\r\n<LI>Full lifetime access</LI>\r\n<LI>Access on mobile and TV</LI>\r\n<LI>Certificate of completion</LI>\r\n</UL>', 6), (57, 'Node.js: The Complete Guide to Build RESTful APIs (2018)', 'Learn to build fast, scalable and secure RESTful services with Node, Express and MongoDB, from setup to production', '40', b'1', '<UL>\r\n<LI>Integrate Typescript into React/Redux or Express projects</LI>\r\n<LI>Write reusable code powered by classes and interfaces</LI>\r\n<LI>Assemble reusable boilerplates for your own Typescript projects</LI>\r\n</UL>', '<UL>\r\n<LI>Introduction</LI>\r\n<LI>Visual Studio Code and Course </LI>\r\n<LI>DOM</LI>\r\n<LI>DOM Projects</LI>\r\n</UL>', '<UL>\r\n<LI>Module Introduction</LI>\r\n<LI>Wrap Up</LI>\r\n<LI>Useful Resources</LI>\r\n</UL>', '<p>\r\n<b>Learn one of the most important Languages in Web Development - from scratch in a fast-paced fashion!</b><br>\r\navaScript is one of the <b>most important</b> parts of every modern, reactive, user-friendly Web Pages or Applications. Despite that fact, you might yourself know many tutorials which leave you with a lot of open questions or are good, \r\nbut also a couple of years old!\r\n</p>', 'Great course! Now I fully understand how React/Redux is rendered on the server and interacts with the client. I can take advantage of both SSR/SPA and apply it to a micro service setup (also from Stephen) with many small dedicated front-end SPA services - backed up with SSR. Lots of potential to scale well.', 5, 164000, '<UL>\r\n<LI>43 hours on-demand video</LI>\r\n<LI>25 articles</LI>\r\n<LI>15 downloadable resources</LI>\r\n<LI>Full lifetime access</LI>\r\n<LI>Access on mobile and TV</LI>\r\n<LI>Certificate of completion</LI>\r\n</UL>', 6), (58, 'Node.js, Express, MongoDB & More: The Complete Bootcamp 2021', 'Master Node by building a real-world RESTful API and web app (with authentication, Node.js security, payments & more)', '42', b'1', '<UL>\r\n<LI>Use TypeScript and its Features like Types, ES6 Support, Classes, Modules, Interfaces and much more in any of their Projects</LI>\r\n<LI>Why TypeScript offers a real advantage over vanilla JavaScript</LI>\r\n<LI>Learn TypeScript both in theory as well as applied to real use-cases and projects</LI>\r\n</UL>', '<UL>\r\n<LI>Welcome</LI>\r\n<LI>Installing and Exploring </LI>\r\n<LI>Updating Documents</LI>\r\n<LI>Deleting Documents</LI>\r\n</UL>', '<UL>\r\n<LI>How to Get Help</LI>\r\n<LI>The Node Event Loop</LI>\r\n<LI>Is Node Single Threads</LI>\r\n</UL>', '<p>\r\nAs a developer, you should be able to write code which works - of course!<br>\r\nUnfortunately, a lot of developers <b>write bad code nonetheless</b> - even though the code works. Because\r\n<b>\"working code\" is not the same as \"clean code\"!</b><br>\r\n<b>This course teaches you how to write clean code - code which is easy to read and understand by humans, not just computers!</b><br>\r\nIn this course, you\'ll learn what exactly clean code is and, more importantly, \r\nhow you can write clean code. Because if your code is written in a clean way, \r\nit\'s easier to read and understand and therefore easier to maintain.\r\n</p>', 'This course is amazing for anyone who wants to understand the weird syntax of any Javascript framework! It even includes a whole section on building one\'s own framework with the knowledge covered in previous chapters. I have been craving for someone to tell me why something that happens in Javascript happens the way it does and this course was the answer!! There is some material that is old but the well organized nature of this course helps you understand the language and its mysterious syntax. For everything else, there\'s Google!', 5, 120000, '<UL>\r\n<LI>60 hours on-demand video</LI>\r\n<LI>72 articles</LI>\r\n<LI>27 downloadable resources</LI>\r\n<LI>Full lifetime access</LI>\r\n<LI>Access on mobile and TV</LI>\r\n<LI>Certificate of completion</LI>\r\n</UL>', 6), (59, 'Node JS: Advanced Concepts', 'Get advanced with Node.Js! Learn caching with Redis, speed up through clustering, and add image upload with S3 and Node!', '47', b'1', '<UL>\r\n<LI>Integrate Typescript into React/Redux or Express projects</LI>\r\n<LI>Write reusable code powered by classes and interfaces</LI>\r\n<LI>Assemble reusable boilerplates for your own Typescript projects</LI>\r\n</UL>', '<UL>\r\n<LI>Deployment to Amazon Web Services</LI>\r\n<LI>Handling CSS in Microfontends</LI>\r\n<LI>Learning Unique HTML Elements</LI>\r\n<LI>Learning All About CSS Transitions</LI>\r\n</UL>', '<UL>\r\n<LI>Setting Up For The Course</LI>\r\n<LI>OPTIONAL: MAC/LINUX Setup</LI>\r\n<LI>Developer Tools + Github Pages</LI>\r\n</UL>', '<p>\r\n<b>Join the most comprehensive Node.js course on Udemy and learn Node in both a practical\r\n as well as theory-based way!</b>\r\n</p>', 'Yes, learning the basics at a very good pace and with very good explanantions.', 5, 120000, '<UL>\r\n<LI>55 hours on-demand video</LI>\r\n<LI>35 articles</LI>\r\n<LI>27 downloadable resources</LI>\r\n<LI>Full lifetime access</LI>\r\n<LI>Access on mobile and TV</LI>\r\n<LI>Certificate of completion</LI>\r\n</UL>', 6), (60, 'Node.Js\r\nNestJS Zero to Hero - Modern TypeScript Back-end Development', 'Develop and deploy enterprise back-end applications following best practices using Node.js and TypeScript', '30', b'1', '<UL>\r\n<LI>Master design patterns for building large applications</LI>\r\n<LI>Understand Composition vs Inheritance, and when to use each</LI>\r\n<LI>Assemble reusable boilerplates for your own Typescript projects</LI>\r\n</UL>', '<UL>\r\n<LI>Beinger</LI>\r\n<LI>Vue Basics</LI>\r\n<LI>Async Code</LI>\r\n<LI>The Composition API</LI>\r\n</UL>', '<UL>\r\n<LI>What Matters In This Section</LI>\r\n<LI>Introducing Arrays</LI>\r\n<LI>Slice & Splice</LI>\r\n</UL>', '<p>\r\nThis is a front to back JavaScript course for <b>absolutely everybody</b>.\r\nWe start with the basic fundamentals and \r\nwork our way to advanced programming WITHOUT relying on frameworks or libraries at all. \r\nYou will learn a ton of pure JavaScript,\r\nwhether you are a beginner or an established JS programmer. \r\nThere is something for everyone...\r\n</p>', 'Well I was looking for a course which do have react with typescript, but there isn’t much content available on internet. This course definitely serves the purpose of learning react in typescript. So far I have completed just one section, but seems like a good one. Will update this review later after completing this course.', 5, 155000, '<UL>\r\n<LI>40.5 hours on-demand video</LI>\r\n<LI>62 articles</LI>\r\n<LI>499 downloadable resources</LI>\r\n<LI>Full lifetime access</LI>\r\n<LI>Access on mobile and TV</LI>\r\n<LI>Certificate of completion</LI>\r\n</UL>', 6), (61, 'The Modern GraphQL Bootcamp (with Node.js and Apollo)', 'Learn how to build GraphQL applications using Node.js. Includes Prisma v1, authentication, Apollo Client, and more!', '42', b'1', '<UL>\r\n<LI>Understanding How the Web Works</LI>\r\n<LI>Learning Practical HTML Elements and CSS Properties</LI>\r\n<LI>Learning Unique HTML Elements</LI>\r\n<LI>Learning All About CSS Transitions</LI>\r\n</UL>', '<UL>\r\n<LI>Introduction & Setup</LI>\r\n<LI>Vue Basics</LI>\r\n<LI>Async Code</LI>\r\n<LI>The Composition API</LI>\r\n</UL>', '<UL>\r\n<LI>Module Introduction</LI>\r\n<LI>Wrap Up</LI>\r\n<LI>Useful Resources</LI>\r\n</UL>', '<p>\r\n<b>Course Last Updated for React v16.6.3 and Redux v4.0.1!  All content is brand new!  Update \r\nincludes detailed videos on the new React Hooks system.</b><br>\r\nCongratulations!  You\'ve found the most <b>popular</b>, most <b>complete</b>, and most \r\n<b>up-to-date</b> resource online for learning React and Redux!\r\n</p>', 'I got a lot out of this course. I attended a coding bootcamp where the subject of GraphQL was introduced but unfortunately my computer crashed so I couldn\'t complete the exercises for that topic. This course was quite thorough and went beyond what was taught in my bootcamp, so I really appreciate the more advanced uses of GraphQL taught in this course. I also appreciated Andrew\'s presentation style. His voice was also quite engaging and kept me interested in each module.', 4, 170000, '<UL>\r\n<LI>12.5 hours on-demand video</LI>\r\n<LI>25 articles</LI>\r\n<LI>187 downloadable resources</LI>\r\n</UL>', 6), (89, 'paparazy', 'tiny ivory', '5', b'1', 'w', 't', 'desssssssssssssssss', 'full', 't', 1, 123456, 't', 3);
COMMIT;

-- ----------------------------
-- Table structure for teachers
-- ----------------------------
DROP TABLE IF EXISTS `teachers`;
CREATE TABLE `teachers`  (
  `TeacherID` int(11) UNSIGNED NOT NULL AUTO_INCREMENT,
  `TeacherName` varchar(255) CHARACTER SET utf8 COLLATE utf8_general_ci NULL DEFAULT NULL,
  `TeacherAbout` mediumtext CHARACTER SET utf8 COLLATE utf8_general_ci NULL,
  `CourseID` int(11) NULL DEFAULT NULL,
  `Company` varchar(255) CHARACTER SET utf8 COLLATE utf8_general_ci NULL DEFAULT NULL,
  `TotalStu` int(11) NULL DEFAULT NULL,
  PRIMARY KEY (`TeacherID`) USING BTREE
) ENGINE = InnoDB AUTO_INCREMENT = 53 CHARACTER SET = utf8 COLLATE = utf8_general_ci;

-- ----------------------------
-- Records of teachers
-- ----------------------------
BEGIN;
INSERT INTO `teachers` VALUES (5, 'Jonas Kenney', NULL, NULL, NULL, NULL), (9, 'Edwin Diaz', NULL, NULL, NULL, NULL), (22, 'Brad Traversy', NULL, NULL, NULL, NULL), (27, 'Reece Kenney', NULL, NULL, NULL, NULL), (28, 'Jazeb Akram', NULL, NULL, NULL, NULL), (30, 'Colt Steele', NULL, NULL, NULL, NULL), (34, 'Jose Portilla', NULL, NULL, NULL, NULL), (37, 'Joestep Joestar', NULL, NULL, NULL, NULL), (40, 'Lazy Programer INC', NULL, NULL, NULL, NULL), (42, 'Jose Portilla', NULL, NULL, NULL, NULL), (45, 'Thomas Joe', NULL, NULL, NULL, NULL), (47, 'Olivia Samantha', NULL, NULL, NULL, NULL), (50, 'Isabella Susan', NULL, NULL, NULL, NULL), (52, 'Martin Wilson', NULL, NULL, NULL, NULL);
COMMIT;

-- ----------------------------
-- Table structure for users
-- ----------------------------
DROP TABLE IF EXISTS `users`;
CREATE TABLE `users`  (
  `id` int(11) NOT NULL AUTO_INCREMENT,
  `username` varchar(50) CHARACTER SET utf8 COLLATE utf8_unicode_ci NOT NULL,
  `password` varchar(255) CHARACTER SET utf8 COLLATE utf8_unicode_ci NOT NULL,
  `name` varchar(50) CHARACTER SET utf8 COLLATE utf8_unicode_ci NOT NULL,
  `email` varchar(50) CHARACTER SET utf8 COLLATE utf8_unicode_ci NOT NULL,
  `dob` date NOT NULL,
  `permission` int(11) NOT NULL,
  PRIMARY KEY (`id`) USING BTREE
) ENGINE = MyISAM AUTO_INCREMENT = 2 CHARACTER SET = utf8 COLLATE = utf8_unicode_ci;

-- ----------------------------
-- Records of users
-- ----------------------------
BEGIN;
INSERT INTO `users` VALUES (1, 'test', '$2a$12$19FI28pdskJyK6vK2GW6BOETPchFi.cUyMMau9eWrmfNhR5XX0mqu', 'DINH TUAN AN', 'anga0996@gmail.com', '2021-01-25', 0);
COMMIT;

SET FOREIGN_KEY_CHECKS = 1;
